time,load_shortfall_3h
2018-01-01 00:00:00,6293.81
2018-01-01 03:00:00,5497.196
2018-01-01 06:00:00,3836.642
2018-01-01 09:00:00,4494.0947
2018-01-01 12:00:00,6563.809
2018-01-01 15:00:00,7618.8574
2018-01-01 18:00:00,5907.492
2018-01-01 21:00:00,7981.3726
2018-01-02 00:00:00,6236.2573
2018-01-02 03:00:00,4352.545
2018-01-02 06:00:00,3507.7278
2018-01-02 09:00:00,5913.044
2018-01-02 12:00:00,8605.277
2018-01-02 15:00:00,9295.214
2018-01-02 18:00:00,7746.6216
2018-01-02 21:00:00,9838.055
2018-01-03 00:00:00,7268.0425
2018-01-03 03:00:00,4096.1016
2018-01-03 06:00:00,1115.9403
2018-01-03 09:00:00,6369.42
2018-01-03 12:00:00,5551.302
2018-01-03 15:00:00,6647.562
2018-01-03 18:00:00,6445.8438
2018-01-03 21:00:00,5431.5723
2018-01-04 00:00:00,6249.158
2018-01-04 03:00:00,4421.0376
2018-01-04 06:00:00,1453.8765
2018-01-04 09:00:00,4417.242
2018-01-04 12:00:00,5821.639
2018-01-04 15:00:00,4690.452
2018-01-04 18:00:00,3364.8992
2018-01-04 21:00:00,3397.097
2018-01-05 00:00:00,5752.5103
2018-01-05 03:00:00,3787.2502
2018-01-05 06:00:00,2148.0903
2018-01-05 09:00:00,4900.7344
2018-01-05 12:00:00,5519.0547
2018-01-05 15:00:00,5842.503
2018-01-05 18:00:00,5539.5063
2018-01-05 21:00:00,6185.246
2018-01-06 00:00:00,10798.748
2018-01-06 03:00:00,8830.543
2018-01-06 06:00:00,8256.671
2018-01-06 09:00:00,10403.408
2018-01-06 12:00:00,12117.794
2018-01-06 15:00:00,12273.609
2018-01-06 18:00:00,12797.411
2018-01-06 21:00:00,12371.038
2018-01-07 00:00:00,11741.381
2018-01-07 03:00:00,9639.307
2018-01-07 06:00:00,8090.0605
2018-01-07 09:00:00,10709.564
2018-01-07 12:00:00,11866.372
2018-01-07 15:00:00,12287.827
2018-01-07 18:00:00,12962.872
2018-01-07 21:00:00,12989.993
2018-01-08 00:00:00,11738.131
2018-01-08 03:00:00,11273.715
2018-01-08 06:00:00,11055.998
2018-01-08 09:00:00,13347.532
2018-01-08 12:00:00,14439.635
2018-01-08 15:00:00,15389.696
2018-01-08 18:00:00,14466.435
2018-01-08 21:00:00,15598.666
2018-01-09 00:00:00,15933.331
2018-01-09 03:00:00,10769.422
2018-01-09 06:00:00,10558.604
2018-01-09 09:00:00,12376.417
2018-01-09 12:00:00,15053.858
2018-01-09 15:00:00,14796.12
2018-01-09 18:00:00,12906.354
2018-01-09 21:00:00,14976.083
2018-01-10 00:00:00,15083.573
2018-01-10 03:00:00,11552.296
2018-01-10 06:00:00,9496.657
2018-01-10 09:00:00,12890.832
2018-01-10 12:00:00,14845.036
2018-01-10 15:00:00,14227.104
2018-01-10 18:00:00,13599.469
2018-01-10 21:00:00,13839.423
2018-01-11 00:00:00,12684.19
2018-01-11 03:00:00,11674.438
2018-01-11 06:00:00,10191.756
2018-01-11 09:00:00,12492.859
2018-01-11 12:00:00,14554.346
2018-01-11 15:00:00,14369.64
2018-01-11 18:00:00,12607.2705
2018-01-11 21:00:00,14849.344
2018-01-12 00:00:00,13599.477
2018-01-12 03:00:00,10934.201
2018-01-12 06:00:00,9840.104
2018-01-12 09:00:00,13670.269
2018-01-12 12:00:00,17479.371
2018-01-12 15:00:00,15956.193
2018-01-12 18:00:00,15994.537
2018-01-12 21:00:00,18488.064
2018-01-13 00:00:00,13729.32
2018-01-13 03:00:00,7321.329
2018-01-13 06:00:00,4537.581
2018-01-13 09:00:00,6841.786
2018-01-13 12:00:00,10392.802
2018-01-13 15:00:00,12446.109
2018-01-13 18:00:00,11865.345
2018-01-13 21:00:00,10728.8125
2018-01-14 00:00:00,11714.971
2018-01-14 03:00:00,6993.022
2018-01-14 06:00:00,3736.2786
2018-01-14 09:00:00,5068.4526
2018-01-14 12:00:00,9756.908
2018-01-14 15:00:00,9113.424
2018-01-14 18:00:00,8016.484
2018-01-14 21:00:00,9647.169
2018-01-15 00:00:00,11479.076
2018-01-15 03:00:00,7612.2793
2018-01-15 06:00:00,6390.3086
2018-01-15 09:00:00,12141.618
2018-01-15 12:00:00,13950.518
2018-01-15 15:00:00,12846.945
2018-01-15 18:00:00,11661.449
2018-01-15 21:00:00,12734.586
2018-01-16 00:00:00,12883.246
2018-01-16 03:00:00,5952.0894
2018-01-16 06:00:00,3914.5164
2018-01-16 09:00:00,10998.296
2018-01-16 12:00:00,13437.415
2018-01-16 15:00:00,12112.004
2018-01-16 18:00:00,12452.836
2018-01-16 21:00:00,12730.261
2018-01-17 00:00:00,11938.526
2018-01-17 03:00:00,5330.2163
2018-01-17 06:00:00,3266.9326
2018-01-17 09:00:00,11010.976
2018-01-17 12:00:00,12452.458
2018-01-17 15:00:00,10966.205
2018-01-17 18:00:00,11913.242
2018-01-17 21:00:00,13680.59
2018-01-18 00:00:00,13538.212
2018-01-18 03:00:00,8102.3184
2018-01-18 06:00:00,6212.949
2018-01-18 09:00:00,13003.308
2018-01-18 12:00:00,14823.076
2018-01-18 15:00:00,13591.15
2018-01-18 18:00:00,12346.6
2018-01-18 21:00:00,15124.536
2018-01-19 00:00:00,14775.714
2018-01-19 03:00:00,8931.841
2018-01-19 06:00:00,7874.6523
2018-01-19 09:00:00,12613.343
2018-01-19 12:00:00,13362.755
2018-01-19 15:00:00,12570.004
2018-01-19 18:00:00,10764.857
2018-01-19 21:00:00,13119.974
2018-01-20 00:00:00,13446.774
2018-01-20 03:00:00,6915.718
2018-01-20 06:00:00,4320.379
2018-01-20 09:00:00,5034.899
2018-01-20 12:00:00,7824.0576
2018-01-20 15:00:00,7596.8384
2018-01-20 18:00:00,7415.141
2018-01-20 21:00:00,8861.637
2018-01-21 00:00:00,8715.318
2018-01-21 03:00:00,2916.4238
2018-01-21 06:00:00,1896.8793
2018-01-21 09:00:00,4116.1733
2018-01-21 12:00:00,4770.092
2018-01-21 15:00:00,4499.885
2018-01-21 18:00:00,5252.658
2018-01-21 21:00:00,8675.688
2018-01-22 00:00:00,10163.048
2018-01-22 03:00:00,7686.9614
2018-01-22 06:00:00,6246.5684
2018-01-22 09:00:00,12143.669
2018-01-22 12:00:00,12319.478
2018-01-22 15:00:00,11814.399
2018-01-22 18:00:00,11625.382
2018-01-22 21:00:00,16223.709
2018-01-23 00:00:00,13454.728
2018-01-23 03:00:00,8230.085
2018-01-23 06:00:00,6332.344
2018-01-23 09:00:00,12212.675
2018-01-23 12:00:00,13806.383
2018-01-23 15:00:00,13428.255
2018-01-23 18:00:00,13091.77
2018-01-23 21:00:00,15955.986
2018-01-24 00:00:00,14923.294
2018-01-24 03:00:00,8387.747
2018-01-24 06:00:00,5355.3354
2018-01-24 09:00:00,13269.073
2018-01-24 12:00:00,13577.88
2018-01-24 15:00:00,13753.249
2018-01-24 18:00:00,13489.928
2018-01-24 21:00:00,15485.757
2018-01-25 00:00:00,14796.657
2018-01-25 03:00:00,8458.896
2018-01-25 06:00:00,7737.3184
2018-01-25 09:00:00,14161.429
2018-01-25 12:00:00,13987.376
2018-01-25 15:00:00,13859.191
2018-01-25 18:00:00,12281.26
2018-01-25 21:00:00,16414.557
2018-01-26 00:00:00,11834.226
2018-01-26 03:00:00,4415.0513
2018-01-26 06:00:00,3287.6558
2018-01-26 09:00:00,9008.146
2018-01-26 12:00:00,10108.535
2018-01-26 15:00:00,9249.691
2018-01-26 18:00:00,8799.23
2018-01-26 21:00:00,12147.111
2018-01-27 00:00:00,9008.681
2018-01-27 03:00:00,3372.705
2018-01-27 06:00:00,1364.1979
2018-01-27 09:00:00,5237.72
2018-01-27 12:00:00,5657.9233
2018-01-27 15:00:00,7069.1895
2018-01-27 18:00:00,7989.7925
2018-01-27 21:00:00,10326.284
2018-01-28 00:00:00,10380.075
2018-01-28 03:00:00,6890.5063
2018-01-28 06:00:00,2765.435
2018-01-28 09:00:00,3233.3853
2018-01-28 12:00:00,7078.226
2018-01-28 15:00:00,7463.3467
2018-01-28 18:00:00,8391.684
2018-01-28 21:00:00,9687.152
2018-01-29 00:00:00,12723.346
2018-01-29 03:00:00,8390.458
2018-01-29 06:00:00,6505.2183
2018-01-29 09:00:00,12256.044
2018-01-29 12:00:00,14696.587
2018-01-29 15:00:00,13123.85
2018-01-29 18:00:00,12356.374
2018-01-29 21:00:00,15206.835
2018-01-30 00:00:00,13534.799
2018-01-30 03:00:00,8364.026
2018-01-30 06:00:00,6915.8164
2018-01-30 09:00:00,11958.959
2018-01-30 12:00:00,14036.721
2018-01-30 15:00:00,13612.439
2018-01-30 18:00:00,12886.032
2018-01-30 21:00:00,15155.886
2018-01-31 00:00:00,13642.645
2018-01-31 03:00:00,8843.695
2018-01-31 06:00:00,6503.046
2018-01-31 09:00:00,12683.327
2018-01-31 12:00:00,14406.823
2018-01-31 15:00:00,13641.172
2018-01-31 18:00:00,10932.522
2018-01-31 21:00:00,14660.924
2018-02-01 00:00:00,11761.698
2018-02-01 03:00:00,5446.6978
2018-02-01 06:00:00,2819.0156
2018-02-01 09:00:00,6401.555
2018-02-01 12:00:00,7452.9067
2018-02-01 15:00:00,7500.4663
2018-02-01 18:00:00,8424.929
2018-02-01 21:00:00,10976.063
2018-02-02 00:00:00,10320.309
2018-02-02 03:00:00,5416.84
2018-02-02 06:00:00,2833.3994
2018-02-02 09:00:00,7137.1743
2018-02-02 12:00:00,8008.3857
2018-02-02 15:00:00,7140.5806
2018-02-02 18:00:00,6569.388
2018-02-02 21:00:00,8566.501
2018-02-03 00:00:00,6959.4053
2018-02-03 03:00:00,3431.5437
2018-02-03 06:00:00,2177.2166
2018-02-03 09:00:00,5392.8203
2018-02-03 12:00:00,6260.4526
2018-02-03 15:00:00,3376.1675
2018-02-03 18:00:00,3134.0159
2018-02-03 21:00:00,5788.1895
2018-02-04 00:00:00,5314.396
2018-02-04 03:00:00,3428.7698
2018-02-04 06:00:00,2820.799
2018-02-04 09:00:00,6145.0703
2018-02-04 12:00:00,8117.538
2018-02-04 15:00:00,3745.4182
2018-02-04 18:00:00,4306.6846
2018-02-04 21:00:00,7985.55
2018-02-05 00:00:00,7528.944
2018-02-05 03:00:00,6126.646
2018-02-05 06:00:00,4149.595
2018-02-05 09:00:00,6584.8965
2018-02-05 12:00:00,6023.446
2018-02-05 15:00:00,6148.158
2018-02-05 18:00:00,5330.255
2018-02-05 21:00:00,7060.398
2018-02-06 00:00:00,12221.291
2018-02-06 03:00:00,9680.188
2018-02-06 06:00:00,8508.898
2018-02-06 09:00:00,9968.687
2018-02-06 12:00:00,13748.1045
2018-02-06 15:00:00,12586.987
2018-02-06 18:00:00,12806.169
2018-02-06 21:00:00,13562.977
2018-02-07 00:00:00,14645.285
2018-02-07 03:00:00,12170.205
2018-02-07 06:00:00,9859.7
2018-02-07 09:00:00,12447.581
2018-02-07 12:00:00,14332.913
2018-02-07 15:00:00,14004.922
2018-02-07 18:00:00,13009.764
2018-02-07 21:00:00,14298.631
2018-02-08 00:00:00,13984.313
2018-02-08 03:00:00,11992.1045
2018-02-08 06:00:00,9899.74
2018-02-08 09:00:00,13362.321
2018-02-08 12:00:00,14819.874
2018-02-08 15:00:00,14306.365
2018-02-08 18:00:00,12777.199
2018-02-08 21:00:00,14427.203
2018-02-09 00:00:00,14677.078
2018-02-09 03:00:00,12126.05
2018-02-09 06:00:00,9802.001
2018-02-09 09:00:00,12759.604
2018-02-09 12:00:00,14348.696
2018-02-09 15:00:00,14049.126
2018-02-09 18:00:00,13832.646
2018-02-09 21:00:00,14297.336
2018-02-10 00:00:00,15250.479
2018-02-10 03:00:00,11552.26
2018-02-10 06:00:00,9964.012
2018-02-10 09:00:00,9912.986
2018-02-10 12:00:00,12369.415
2018-02-10 15:00:00,13270.759
2018-02-10 18:00:00,11920.897
2018-02-10 21:00:00,12866.294
2018-02-11 00:00:00,13392.328
2018-02-11 03:00:00,8954.766
2018-02-11 06:00:00,9104.318
2018-02-11 09:00:00,10258.845
2018-02-11 12:00:00,12134.815
2018-02-11 15:00:00,12821.013
2018-02-11 18:00:00,12188.277
2018-02-11 21:00:00,14219.504
2018-02-12 00:00:00,14174.869
2018-02-12 03:00:00,9757.868
2018-02-12 06:00:00,10069.251
2018-02-12 09:00:00,15944.799
2018-02-12 12:00:00,17917.066
2018-02-12 15:00:00,14690.433
2018-02-12 18:00:00,15107.722
2018-02-12 21:00:00,18113.666
2018-02-13 00:00:00,12903.585
2018-02-13 03:00:00,7468.079
2018-02-13 06:00:00,5591.271
2018-02-13 09:00:00,9009.302
2018-02-13 12:00:00,7610.5957
2018-02-13 15:00:00,6977.617
2018-02-13 18:00:00,6883.9517
2018-02-13 21:00:00,8535.816
2018-02-14 00:00:00,10147.201
2018-02-14 03:00:00,4403.434
2018-02-14 06:00:00,1983.9409
2018-02-14 09:00:00,6117.393
2018-02-14 12:00:00,7799.2217
2018-02-14 15:00:00,8821.9
2018-02-14 18:00:00,8300.127
2018-02-14 21:00:00,11641.855
2018-02-15 00:00:00,12199.904
2018-02-15 03:00:00,6801.4385
2018-02-15 06:00:00,5046.7227
2018-02-15 09:00:00,10290.209
2018-02-15 12:00:00,11409.709
2018-02-15 15:00:00,11172.26
2018-02-15 18:00:00,10778.377
2018-02-15 21:00:00,13177.986
2018-02-16 00:00:00,13078.506
2018-02-16 03:00:00,7085.877
2018-02-16 06:00:00,5839.3564
2018-02-16 09:00:00,10998.4375
2018-02-16 12:00:00,12100.206
2018-02-16 15:00:00,11358.703
2018-02-16 18:00:00,9914.467
2018-02-16 21:00:00,12087.951
2018-02-17 00:00:00,11470.437
2018-02-17 03:00:00,5384.556
2018-02-17 06:00:00,3020.2383
2018-02-17 09:00:00,5875.8604
2018-02-17 12:00:00,6720.519
2018-02-17 15:00:00,5592.7275
2018-02-17 18:00:00,5140.1274
2018-02-17 21:00:00,9195.633
2018-02-18 00:00:00,9686.416
2018-02-18 03:00:00,4848.6216
2018-02-18 06:00:00,3541.8896
2018-02-18 09:00:00,2141.226
2018-02-18 12:00:00,6692.8823
2018-02-18 15:00:00,6168.767
2018-02-18 18:00:00,4474.303
2018-02-18 21:00:00,5915.3403
2018-02-19 00:00:00,10431.59
2018-02-19 03:00:00,3869.2842
2018-02-19 06:00:00,2570.5603
2018-02-19 09:00:00,8125.5127
2018-02-19 12:00:00,9318.687
2018-02-19 15:00:00,9600.662
2018-02-19 18:00:00,8039.3804
2018-02-19 21:00:00,7599.8877
2018-02-20 00:00:00,7924.7534
2018-02-20 03:00:00,2476.4668
2018-02-20 06:00:00,1764.0479
2018-02-20 09:00:00,8023.4766
2018-02-20 12:00:00,9212.566
2018-02-20 15:00:00,8019.285
2018-02-20 18:00:00,6346.616
2018-02-20 21:00:00,7865.5073
2018-02-21 00:00:00,8047.622
2018-02-21 03:00:00,2678.0078
2018-02-21 06:00:00,585.2719
2018-02-21 09:00:00,5570.7295
2018-02-21 12:00:00,7682.979
2018-02-21 15:00:00,7608.9404
2018-02-21 18:00:00,9768.915
2018-02-21 21:00:00,13100.819
2018-02-22 00:00:00,11729.512
2018-02-22 03:00:00,6143.324
2018-02-22 06:00:00,4944.51
2018-02-22 09:00:00,9721.743
2018-02-22 12:00:00,10227.067
2018-02-22 15:00:00,9535.477
2018-02-22 18:00:00,8233.673
2018-02-22 21:00:00,12722.444
2018-02-23 00:00:00,9748.023
2018-02-23 03:00:00,6571.3667
2018-02-23 06:00:00,3983.4185
2018-02-23 09:00:00,10525.917
2018-02-23 12:00:00,10819.382
2018-02-23 15:00:00,9816.978
2018-02-23 18:00:00,10076.61
2018-02-23 21:00:00,12650.181
2018-02-24 00:00:00,10546.15
2018-02-24 03:00:00,7401.358
2018-02-24 06:00:00,4907.8013
2018-02-24 09:00:00,5840.751
2018-02-24 12:00:00,8945.332
2018-02-24 15:00:00,7163.129
2018-02-24 18:00:00,6942.9614
2018-02-24 21:00:00,8399.697
2018-02-25 00:00:00,10699.024
2018-02-25 03:00:00,5997.296
2018-02-25 06:00:00,4729.795
2018-02-25 09:00:00,4453.277
2018-02-25 12:00:00,6673.3945
2018-02-25 15:00:00,3777.5486
2018-02-25 18:00:00,3746.4897
2018-02-25 21:00:00,7701.367
2018-02-26 00:00:00,9607.298
2018-02-26 03:00:00,6453.0503
2018-02-26 06:00:00,4361.5405
2018-02-26 09:00:00,10297.7705
2018-02-26 12:00:00,9483.65
2018-02-26 15:00:00,8526.194
2018-02-26 18:00:00,10251.734
2018-02-26 21:00:00,12992.533
2018-02-27 00:00:00,10200.484
2018-02-27 03:00:00,6827.728
2018-02-27 06:00:00,3403.3154
2018-02-27 09:00:00,11049.741
2018-02-27 12:00:00,10786.879
2018-02-27 15:00:00,11233.657
2018-02-27 18:00:00,11409.333
2018-02-27 21:00:00,15709.494
2018-02-28 00:00:00,12999.218
2018-02-28 03:00:00,8535.891
2018-02-28 06:00:00,6005.7104
2018-02-28 09:00:00,8868.234
2018-02-28 12:00:00,10343.326
2018-02-28 15:00:00,7098.9175
2018-02-28 18:00:00,6387.835
2018-02-28 21:00:00,7592.656
2018-03-01 00:00:00,8806.443
2018-03-01 03:00:00,3920.8198
2018-03-01 06:00:00,2557.926
2018-03-01 09:00:00,5036.508
2018-03-01 12:00:00,7310.743
2018-03-01 15:00:00,7295.7397
2018-03-01 18:00:00,6329.66
2018-03-01 21:00:00,6552.1533
2018-03-02 00:00:00,5137.276
2018-03-02 03:00:00,3456.5764
2018-03-02 06:00:00,3484.6467
2018-03-02 09:00:00,6361.116
2018-03-02 12:00:00,8353.06
2018-03-02 15:00:00,8670.761
2018-03-02 18:00:00,6570.203
2018-03-02 21:00:00,8782.94
2018-03-03 00:00:00,5709.326
2018-03-03 03:00:00,2764.6616
2018-03-03 06:00:00,1692.4397
2018-03-03 09:00:00,3402.3762
2018-03-03 12:00:00,3002.8433
2018-03-03 15:00:00,2866.645
2018-03-03 18:00:00,6116.453
2018-03-03 21:00:00,7020.3413
2018-03-04 00:00:00,6791.0493
2018-03-04 03:00:00,3839.017
2018-03-04 06:00:00,3204.8167
2018-03-04 09:00:00,5132.856
2018-03-04 12:00:00,4837.0483
2018-03-04 15:00:00,4121.0522
2018-03-04 18:00:00,2424.3054
2018-03-04 21:00:00,6001.01
2018-03-05 00:00:00,6277.7856
2018-03-05 03:00:00,4223.288
2018-03-05 06:00:00,2590.4814
2018-03-05 09:00:00,4995.308
2018-03-05 12:00:00,6238.969
2018-03-05 15:00:00,5574.53
2018-03-05 18:00:00,5028.0454
2018-03-05 21:00:00,4088.4783
2018-03-06 00:00:00,9114.724
2018-03-06 03:00:00,6845.9805
2018-03-06 06:00:00,5943.876
2018-03-06 09:00:00,8804.966
2018-03-06 12:00:00,10491.72
2018-03-06 15:00:00,9389.933
2018-03-06 18:00:00,9002.236
2018-03-06 21:00:00,10855.472
2018-03-07 00:00:00,11786.639
2018-03-07 03:00:00,9148.985
2018-03-07 06:00:00,7850.6416
2018-03-07 09:00:00,12262.018
2018-03-07 12:00:00,12170.267
2018-03-07 15:00:00,12971.627
2018-03-07 18:00:00,11673.323
2018-03-07 21:00:00,12950.431
2018-03-08 00:00:00,13711.072
2018-03-08 03:00:00,11850.2295
2018-03-08 06:00:00,8852.428
2018-03-08 09:00:00,12516.271
2018-03-08 12:00:00,14102.1455
2018-03-08 15:00:00,13277.939
2018-03-08 18:00:00,13608.844
2018-03-08 21:00:00,14462.07
2018-03-09 00:00:00,15340.069
2018-03-09 03:00:00,11431.221
2018-03-09 06:00:00,9839.23
2018-03-09 09:00:00,13147.714
2018-03-09 12:00:00,13817.44
2018-03-09 15:00:00,13491.258
2018-03-09 18:00:00,13049.684
2018-03-09 21:00:00,14258.07
2018-03-10 00:00:00,13534.612
2018-03-10 03:00:00,11364.767
2018-03-10 06:00:00,11443.124
2018-03-10 09:00:00,12210.399
2018-03-10 12:00:00,14044.542
2018-03-10 15:00:00,13813.954
2018-03-10 18:00:00,14297.401
2018-03-10 21:00:00,13068.46
2018-03-11 00:00:00,10234.606
2018-03-11 03:00:00,8212.272
2018-03-11 06:00:00,6097.1274
2018-03-11 09:00:00,8503.132
2018-03-11 12:00:00,11986.412
2018-03-11 15:00:00,12421.536
2018-03-11 18:00:00,9849.446
2018-03-11 21:00:00,12639.343
2018-03-12 00:00:00,13664.316
2018-03-12 03:00:00,10890.277
2018-03-12 06:00:00,10215.408
2018-03-12 09:00:00,14271.975
2018-03-12 12:00:00,17546.441
2018-03-12 15:00:00,17169.168
2018-03-12 18:00:00,14632.247
2018-03-12 21:00:00,15624.907
2018-03-13 00:00:00,10532.167
2018-03-13 03:00:00,6883.8955
2018-03-13 06:00:00,4224.36
2018-03-13 09:00:00,9139.441
2018-03-13 12:00:00,10664.844
2018-03-13 15:00:00,8629.482
2018-03-13 18:00:00,7259.9453
2018-03-13 21:00:00,10753.334
2018-03-14 00:00:00,12840.938
2018-03-14 03:00:00,5947.3984
2018-03-14 06:00:00,3735.9753
2018-03-14 09:00:00,8693.228
2018-03-14 12:00:00,8131.346
2018-03-14 15:00:00,7947.8486
2018-03-14 18:00:00,7276.087
2018-03-14 21:00:00,8123.5254
2018-03-15 00:00:00,8721.672
2018-03-15 03:00:00,3082.9106
2018-03-15 06:00:00,1202.8901
2018-03-15 09:00:00,5722.1553
2018-03-15 12:00:00,7113.3125
2018-03-15 15:00:00,6825.1387
2018-03-15 18:00:00,5118.488
2018-03-15 21:00:00,9013.321
2018-03-16 00:00:00,9007.081
2018-03-16 03:00:00,4821.808
2018-03-16 06:00:00,2764.4832
2018-03-16 09:00:00,5834.6177
2018-03-16 12:00:00,7802.324
2018-03-16 15:00:00,6619.0356
2018-03-16 18:00:00,5829.747
2018-03-16 21:00:00,8750.787
2018-03-17 00:00:00,7326.044
2018-03-17 03:00:00,3025.126
2018-03-17 06:00:00,1268.1528
2018-03-17 09:00:00,4066.7473
2018-03-17 12:00:00,5446.473
2018-03-17 15:00:00,4285.0674
2018-03-17 18:00:00,3359.0312
2018-03-17 21:00:00,5615.518
2018-03-18 00:00:00,7695.135
2018-03-18 03:00:00,2024.2228
2018-03-18 06:00:00,631.23047
2018-03-18 09:00:00,1964.543
2018-03-18 12:00:00,2691.4414
2018-03-18 15:00:00,826.0652
2018-03-18 18:00:00,-234.87892
2018-03-18 21:00:00,3664.1204
2018-03-19 00:00:00,7981.0947
2018-03-19 03:00:00,3786.7317
2018-03-19 06:00:00,2600.0815
2018-03-19 09:00:00,7410.615
2018-03-19 12:00:00,7381.4775
2018-03-19 15:00:00,8288.881
2018-03-19 18:00:00,7448.0283
2018-03-19 21:00:00,9609.712
2018-03-20 00:00:00,8850.496
2018-03-20 03:00:00,6150.8496
2018-03-20 06:00:00,1463.9001
2018-03-20 09:00:00,6559.8916
2018-03-20 12:00:00,9299.164
2018-03-20 15:00:00,7032.845
2018-03-20 18:00:00,6531.353
2018-03-20 21:00:00,7257.4365
2018-03-21 00:00:00,8474.384
2018-03-21 03:00:00,2076.9832
2018-03-21 06:00:00,2065.8972
2018-03-21 09:00:00,8098.2036
2018-03-21 12:00:00,7153.3994
2018-03-21 15:00:00,5582.9023
2018-03-21 18:00:00,5963.5396
2018-03-21 21:00:00,6301.747
2018-03-22 00:00:00,8690.967
2018-03-22 03:00:00,3123.8071
2018-03-22 06:00:00,2319.1692
2018-03-22 09:00:00,7738.5703
2018-03-22 12:00:00,8437.1875
2018-03-22 15:00:00,7154.9214
2018-03-22 18:00:00,5352.8945
2018-03-22 21:00:00,10236.602
2018-03-23 00:00:00,12045.522
2018-03-23 03:00:00,6947.408
2018-03-23 06:00:00,3360.2385
2018-03-23 09:00:00,7865.1816
2018-03-23 12:00:00,7306.126
2018-03-23 15:00:00,6062.014
2018-03-23 18:00:00,5631.853
2018-03-23 21:00:00,7266.8086
2018-03-24 00:00:00,6412.479
2018-03-24 03:00:00,1067.3746
2018-03-24 06:00:00,-899.2056
2018-03-24 09:00:00,94.269066
2018-03-24 12:00:00,1402.6792
2018-03-24 15:00:00,283.03925
2018-03-24 18:00:00,1110.5618
2018-03-24 21:00:00,2912.3196
2018-03-25 00:00:00,3007.9294
2018-03-25 03:00:00,-875.3787
2018-03-25 06:00:00,-2837.396
2018-03-25 09:00:00,23.10199
2018-03-25 12:00:00,2204.0896
2018-03-25 15:00:00,2736.0813
2018-03-25 18:00:00,1257.5938
2018-03-25 21:00:00,3293.9536
2018-03-26 00:00:00,8934.055
2018-03-26 03:00:00,1841.2915
2018-03-26 06:00:00,276.36063
2018-03-26 09:00:00,5770.2104
2018-03-26 12:00:00,6376.6484
2018-03-26 15:00:00,5189.1865
2018-03-26 18:00:00,3964.6992
2018-03-26 21:00:00,6614.9688
2018-03-27 00:00:00,8721.997
2018-03-27 03:00:00,4936.8423
2018-03-27 06:00:00,-157.85289
2018-03-27 09:00:00,6158.7544
2018-03-27 12:00:00,7432.0503
2018-03-27 15:00:00,7300.2207
2018-03-27 18:00:00,3883.7007
2018-03-27 21:00:00,7473.6357
2018-03-28 00:00:00,9956.57
2018-03-28 03:00:00,5822.114
2018-03-28 06:00:00,2666.143
2018-03-28 09:00:00,9062.584
2018-03-28 12:00:00,8080.041
2018-03-28 15:00:00,5134.81
2018-03-28 18:00:00,3574.6755
2018-03-28 21:00:00,4131.4062
2018-03-29 00:00:00,7387.578
2018-03-29 03:00:00,3926.81
2018-03-29 06:00:00,1543.8073
2018-03-29 09:00:00,6642.421
2018-03-29 12:00:00,9149.291
2018-03-29 15:00:00,6324.4517
2018-03-29 18:00:00,3160.5247
2018-03-29 21:00:00,7453.9106
2018-03-30 00:00:00,8024.1665
2018-03-30 03:00:00,2064.5842
2018-03-30 06:00:00,723.15814
2018-03-30 09:00:00,6903.8896
2018-03-30 12:00:00,5978.8066
2018-03-30 15:00:00,5358.13
2018-03-30 18:00:00,3355.6924
2018-03-30 21:00:00,5882.374
2018-03-31 00:00:00,5245.236
2018-03-31 03:00:00,1648.0605
2018-03-31 06:00:00,-2280.7478
2018-03-31 09:00:00,618.5947
2018-03-31 12:00:00,1568.0433
2018-03-31 15:00:00,422.53796
2018-03-31 18:00:00,130.79333
2018-03-31 21:00:00,1536.2039
2018-04-01 00:00:00,6934.7383
2018-04-01 03:00:00,7385.0415
2018-04-01 06:00:00,4982.22
2018-04-01 09:00:00,6694.8755
2018-04-01 12:00:00,7998.7974
2018-04-01 15:00:00,8703.783
2018-04-01 18:00:00,8001.636
2018-04-01 21:00:00,7948.2593
2018-04-02 00:00:00,7112.5806
2018-04-02 03:00:00,3079.7085
2018-04-02 06:00:00,2047.3329
2018-04-02 09:00:00,4431.1094
2018-04-02 12:00:00,7321.93
2018-04-02 15:00:00,6094.932
2018-04-02 18:00:00,4483.8306
2018-04-02 21:00:00,6922.4355
2018-04-03 00:00:00,6952.7324
2018-04-03 03:00:00,2729.2063
2018-04-03 06:00:00,1403.9556
2018-04-03 09:00:00,4269.8843
2018-04-03 12:00:00,3749.0544
2018-04-03 15:00:00,1261.7224
2018-04-03 18:00:00,-410.10086
2018-04-03 21:00:00,2284.7605
2018-04-04 00:00:00,1932.237
2018-04-04 03:00:00,1995.9742
2018-04-04 06:00:00,1024.1846
2018-04-04 09:00:00,3554.0215
2018-04-04 12:00:00,3110.707
2018-04-04 15:00:00,3450.9597
2018-04-04 18:00:00,1480.8617
2018-04-04 21:00:00,3113.6118
2018-04-05 00:00:00,5304.757
2018-04-05 03:00:00,4573.104
2018-04-05 06:00:00,2394.4507
2018-04-05 09:00:00,5446.9116
2018-04-05 12:00:00,6204.808
2018-04-05 15:00:00,6993.096
2018-04-05 18:00:00,4951.343
2018-04-05 21:00:00,5323.091
2018-04-06 00:00:00,11026.073
2018-04-06 03:00:00,9177.737
2018-04-06 06:00:00,7887.309
2018-04-06 09:00:00,10739.582
2018-04-06 12:00:00,10420.712
2018-04-06 15:00:00,11010.262
2018-04-06 18:00:00,10238.181
2018-04-06 21:00:00,11105.338
2018-04-07 00:00:00,11235.318
2018-04-07 03:00:00,9050.364
2018-04-07 06:00:00,7666.7656
2018-04-07 09:00:00,12757.083
2018-04-07 12:00:00,14221.648
2018-04-07 15:00:00,13278.716
2018-04-07 18:00:00,13328.172
2018-04-07 21:00:00,13672.188
2018-04-08 00:00:00,13765.418
2018-04-08 03:00:00,11105.983
2018-04-08 06:00:00,8919.511
2018-04-08 09:00:00,10522.774
2018-04-08 12:00:00,12790.031
2018-04-08 15:00:00,13521.067
2018-04-08 18:00:00,11305.227
2018-04-08 21:00:00,12030.323
2018-04-09 00:00:00,13275.003
2018-04-09 03:00:00,10598.574
2018-04-09 06:00:00,10091.046
2018-04-09 09:00:00,12714.368
2018-04-09 12:00:00,14779.701
2018-04-09 15:00:00,12394.459
2018-04-09 18:00:00,11181.296
2018-04-09 21:00:00,14580.955
2018-04-10 00:00:00,11753.898
2018-04-10 03:00:00,10409.751
2018-04-10 06:00:00,9528.986
2018-04-10 09:00:00,12309.788
2018-04-10 12:00:00,13822.295
2018-04-10 15:00:00,14066.075
2018-04-10 18:00:00,12444.2
2018-04-10 21:00:00,12970.19
2018-04-11 00:00:00,11783.264
2018-04-11 03:00:00,7313.16
2018-04-11 06:00:00,7969.5957
2018-04-11 09:00:00,10287.664
2018-04-11 12:00:00,12327.149
2018-04-11 15:00:00,12821.081
2018-04-11 18:00:00,11719.184
2018-04-11 21:00:00,12042.644
2018-04-12 00:00:00,11467.208
2018-04-12 03:00:00,9468.642
2018-04-12 06:00:00,8349.577
2018-04-12 09:00:00,13862.197
2018-04-12 12:00:00,15579.392
2018-04-12 15:00:00,15833.556
2018-04-12 18:00:00,13015.558
2018-04-12 21:00:00,15278.325
2018-04-13 00:00:00,12599.296
2018-04-13 03:00:00,5639.375
2018-04-13 06:00:00,3513.7556
2018-04-13 09:00:00,8969.976
2018-04-13 12:00:00,10613.435
2018-04-13 15:00:00,9794.978
2018-04-13 18:00:00,9542.022
2018-04-13 21:00:00,9907.851
2018-04-14 00:00:00,11472.555
2018-04-14 03:00:00,6544.4863
2018-04-14 06:00:00,3951.39
2018-04-14 09:00:00,5728.2954
2018-04-14 12:00:00,8439.848
2018-04-14 15:00:00,7643.0894
2018-04-14 18:00:00,5811.059
2018-04-14 21:00:00,7081.2744
2018-04-15 00:00:00,10448.799
2018-04-15 03:00:00,6030.772
2018-04-15 06:00:00,4366.998
2018-04-15 09:00:00,2198.4326
2018-04-15 12:00:00,3901.3728
2018-04-15 15:00:00,3127.0706
2018-04-15 18:00:00,1867.0754
2018-04-15 21:00:00,4481.2764
2018-04-16 00:00:00,8410.305
2018-04-16 03:00:00,3175.9734
2018-04-16 06:00:00,2323.339
2018-04-16 09:00:00,8323.52
2018-04-16 12:00:00,9472.657
2018-04-16 15:00:00,7529.8228
2018-04-16 18:00:00,8977.145
2018-04-16 21:00:00,8939.891
2018-04-17 00:00:00,11185.308
2018-04-17 03:00:00,5853.4634
2018-04-17 06:00:00,5575.582
2018-04-17 09:00:00,9406.904
2018-04-17 12:00:00,10546.558
2018-04-17 15:00:00,9476.378
2018-04-17 18:00:00,8924.16
2018-04-17 21:00:00,10245.254
2018-04-18 00:00:00,11184.407
2018-04-18 03:00:00,6394.9985
2018-04-18 06:00:00,5505.653
2018-04-18 09:00:00,9399.884
2018-04-18 12:00:00,10581.996
2018-04-18 15:00:00,8725.685
2018-04-18 18:00:00,8098.03
2018-04-18 21:00:00,10449.47
2018-04-19 00:00:00,10266.539
2018-04-19 03:00:00,6715.9795
2018-04-19 06:00:00,4979.307
2018-04-19 09:00:00,9330.262
2018-04-19 12:00:00,9825.816
2018-04-19 15:00:00,8604.365
2018-04-19 18:00:00,7806.142
2018-04-19 21:00:00,9079.3125
2018-04-20 00:00:00,10428.274
2018-04-20 03:00:00,6517.6445
2018-04-20 06:00:00,4768.3535
2018-04-20 09:00:00,8027.0293
2018-04-20 12:00:00,8971.537
2018-04-20 15:00:00,8516.577
2018-04-20 18:00:00,6974.965
2018-04-20 21:00:00,8253.014
2018-04-21 00:00:00,10152.025
2018-04-21 03:00:00,5786.761
2018-04-21 06:00:00,3368.7134
2018-04-21 09:00:00,5770.4507
2018-04-21 12:00:00,6786.736
2018-04-21 15:00:00,6070.5703
2018-04-21 18:00:00,5399.3003
2018-04-21 21:00:00,6991.758
2018-04-22 00:00:00,9671.45
2018-04-22 03:00:00,4755.874
2018-04-22 06:00:00,3422.5605
2018-04-22 09:00:00,4773.744
2018-04-22 12:00:00,5329.175
2018-04-22 15:00:00,4139.5796
2018-04-22 18:00:00,2251.7222
2018-04-22 21:00:00,8179.1084
2018-04-23 00:00:00,8354.253
2018-04-23 03:00:00,4678.1504
2018-04-23 06:00:00,3900.327
2018-04-23 09:00:00,8436.936
2018-04-23 12:00:00,9681.576
2018-04-23 15:00:00,9520.993
2018-04-23 18:00:00,7345.867
2018-04-23 21:00:00,10262.792
2018-04-24 00:00:00,11940.707
2018-04-24 03:00:00,5825.9995
2018-04-24 06:00:00,4187.1104
2018-04-24 09:00:00,8535.098
2018-04-24 12:00:00,10805.968
2018-04-24 15:00:00,9667.733
2018-04-24 18:00:00,8217.105
2018-04-24 21:00:00,9730.087
2018-04-25 00:00:00,11481.586
2018-04-25 03:00:00,6605.27
2018-04-25 06:00:00,4537.1367
2018-04-25 09:00:00,10901.599
2018-04-25 12:00:00,9751.353
2018-04-25 15:00:00,8689.454
2018-04-25 18:00:00,6685.2104
2018-04-25 21:00:00,8581.054
2018-04-26 00:00:00,9702.296
2018-04-26 03:00:00,6239.223
2018-04-26 06:00:00,3414.579
2018-04-26 09:00:00,8628.374
2018-04-26 12:00:00,10525.903
2018-04-26 15:00:00,8809.454
2018-04-26 18:00:00,7323.3853
2018-04-26 21:00:00,9202.928
2018-04-27 00:00:00,10722.06
2018-04-27 03:00:00,8083.745
2018-04-27 06:00:00,5464.811
2018-04-27 09:00:00,8913.324
2018-04-27 12:00:00,8284.705
2018-04-27 15:00:00,8185.6304
2018-04-27 18:00:00,6502.727
2018-04-27 21:00:00,7960.906
2018-04-28 00:00:00,8288.361
2018-04-28 03:00:00,5090.3076
2018-04-28 06:00:00,5038.269
2018-04-28 09:00:00,5491.918
2018-04-28 12:00:00,6415.8115
2018-04-28 15:00:00,5690.8667
2018-04-28 18:00:00,4643.0034
2018-04-28 21:00:00,6682.9014
2018-04-29 00:00:00,8800.331
2018-04-29 03:00:00,1948.6055
2018-04-29 06:00:00,-102.51886
2018-04-29 09:00:00,602.66614
2018-04-29 12:00:00,731.7898
2018-04-29 15:00:00,-475.98355
2018-04-29 18:00:00,-308.52234
2018-04-29 21:00:00,2248.1147
2018-04-30 00:00:00,7056.117
2018-04-30 03:00:00,3510.1396
2018-04-30 06:00:00,1655.0358
2018-04-30 09:00:00,6968.9243
2018-04-30 12:00:00,9443.109
2018-04-30 15:00:00,7891.378
2018-04-30 18:00:00,9150.147
2018-04-30 21:00:00,8295.312
2018-05-01 00:00:00,7030.6587
2018-05-01 03:00:00,5081.4663
2018-05-01 06:00:00,3157.1675
2018-05-01 09:00:00,6531.0938
2018-05-01 12:00:00,8047.1646
2018-05-01 15:00:00,8929.917
2018-05-01 18:00:00,7651.42
2018-05-01 21:00:00,9833.293
2018-05-02 00:00:00,9562.166
2018-05-02 03:00:00,4503.4805
2018-05-02 06:00:00,3345.692
2018-05-02 09:00:00,7644.0703
2018-05-02 12:00:00,8370.879
2018-05-02 15:00:00,7002.899
2018-05-02 18:00:00,8432.164
2018-05-02 21:00:00,8112.8857
2018-05-03 00:00:00,6087.8877
2018-05-03 03:00:00,1246.1062
2018-05-03 06:00:00,798.3888
2018-05-03 09:00:00,2587.3184
2018-05-03 12:00:00,3366.3604
2018-05-03 15:00:00,2459.4138
2018-05-03 18:00:00,2246.0022
2018-05-03 21:00:00,3904.0332
2018-05-04 00:00:00,4143.6885
2018-05-04 03:00:00,1948.0732
2018-05-04 06:00:00,575.2634
2018-05-04 09:00:00,2082.5618
2018-05-04 12:00:00,3052.3745
2018-05-04 15:00:00,2526.6138
2018-05-04 18:00:00,1553.7513
2018-05-04 21:00:00,3986.551
2018-05-05 00:00:00,7475.065
2018-05-05 03:00:00,4526.192
2018-05-05 06:00:00,2168.6711
2018-05-05 09:00:00,5168.93
2018-05-05 12:00:00,4994.5337
2018-05-05 15:00:00,6025.2036
2018-05-05 18:00:00,5836.567
2018-05-05 21:00:00,7016.329
2018-05-06 00:00:00,12331.082
2018-05-06 03:00:00,11266.142
2018-05-06 06:00:00,9578.19
2018-05-06 09:00:00,12341.276
2018-05-06 12:00:00,13402.779
2018-05-06 15:00:00,12797.333
2018-05-06 18:00:00,11736.451
2018-05-06 21:00:00,13379.102
2018-05-07 00:00:00,12516.364
2018-05-07 03:00:00,10592.069
2018-05-07 06:00:00,9477.001
2018-05-07 09:00:00,12057.779
2018-05-07 12:00:00,13345.012
2018-05-07 15:00:00,12987.571
2018-05-07 18:00:00,12797.894
2018-05-07 21:00:00,11598.925
2018-05-08 00:00:00,12791.351
2018-05-08 03:00:00,11727.884
2018-05-08 06:00:00,9365.656
2018-05-08 09:00:00,12973.589
2018-05-08 12:00:00,14264.944
2018-05-08 15:00:00,12816.776
2018-05-08 18:00:00,13169.107
2018-05-08 21:00:00,13594.853
2018-05-09 00:00:00,14951.655
2018-05-09 03:00:00,11886.047
2018-05-09 06:00:00,9180.817
2018-05-09 09:00:00,12637.315
2018-05-09 12:00:00,14199.35
2018-05-09 15:00:00,14538.677
2018-05-09 18:00:00,14195.148
2018-05-09 21:00:00,14028.922
2018-05-10 00:00:00,14478.0
2018-05-10 03:00:00,11551.825
2018-05-10 06:00:00,9833.347
2018-05-10 09:00:00,12815.608
2018-05-10 12:00:00,13891.96
2018-05-10 15:00:00,14021.259
2018-05-10 18:00:00,13438.68
2018-05-10 21:00:00,14269.124
2018-05-11 00:00:00,14485.333
2018-05-11 03:00:00,11800.12
2018-05-11 06:00:00,10420.997
2018-05-11 09:00:00,13020.429
2018-05-11 12:00:00,14332.947
2018-05-11 15:00:00,13808.536
2018-05-11 18:00:00,13315.707
2018-05-11 21:00:00,14093.995
2018-05-12 00:00:00,14438.572
2018-05-12 03:00:00,12620.936
2018-05-12 06:00:00,10157.004
2018-05-12 09:00:00,13169.447
2018-05-12 12:00:00,15966.01
2018-05-12 15:00:00,15081.597
2018-05-12 18:00:00,13054.774
2018-05-12 21:00:00,14328.17
2018-05-13 00:00:00,8448.696
2018-05-13 03:00:00,4587.963
2018-05-13 06:00:00,2114.1414
2018-05-13 09:00:00,2619.6787
2018-05-13 12:00:00,1921.8527
2018-05-13 15:00:00,1035.4103
2018-05-13 18:00:00,465.42114
2018-05-13 21:00:00,3856.7268
2018-05-14 00:00:00,7639.8677
2018-05-14 03:00:00,4423.6504
2018-05-14 06:00:00,2155.5212
2018-05-14 09:00:00,8954.721
2018-05-14 12:00:00,9523.992
2018-05-14 15:00:00,8209.1875
2018-05-14 18:00:00,6008.8857
2018-05-14 21:00:00,8387.538
2018-05-15 00:00:00,9287.611
2018-05-15 03:00:00,5996.127
2018-05-15 06:00:00,3451.3396
2018-05-15 09:00:00,7407.6377
2018-05-15 12:00:00,8001.5337
2018-05-15 15:00:00,7838.167
2018-05-15 18:00:00,8907.037
2018-05-15 21:00:00,8578.224
2018-05-16 00:00:00,10467.45
2018-05-16 03:00:00,6478.5396
2018-05-16 06:00:00,5699.2476
2018-05-16 09:00:00,8598.387
2018-05-16 12:00:00,9386.575
2018-05-16 15:00:00,8837.076
2018-05-16 18:00:00,8280.614
2018-05-16 21:00:00,9654.794
2018-05-17 00:00:00,10399.449
2018-05-17 03:00:00,7900.343
2018-05-17 06:00:00,4619.186
2018-05-17 09:00:00,8643.063
2018-05-17 12:00:00,10536.66
2018-05-17 15:00:00,10146.421
2018-05-17 18:00:00,8592.623
2018-05-17 21:00:00,9748.599
2018-05-18 00:00:00,11122.238
2018-05-18 03:00:00,7338.879
2018-05-18 06:00:00,5277.3633
2018-05-18 09:00:00,9623.621
2018-05-18 12:00:00,10574.183
2018-05-18 15:00:00,7783.4272
2018-05-18 18:00:00,9704.702
2018-05-18 21:00:00,10473.153
2018-05-19 00:00:00,10331.259
2018-05-19 03:00:00,6773.9136
2018-05-19 06:00:00,4610.4746
2018-05-19 09:00:00,6190.6567
2018-05-19 12:00:00,6780.6284
2018-05-19 15:00:00,6015.507
2018-05-19 18:00:00,5143.4688
2018-05-19 21:00:00,5368.42
2018-05-20 00:00:00,8954.555
2018-05-20 03:00:00,6339.627
2018-05-20 06:00:00,5160.383
2018-05-20 09:00:00,4468.9033
2018-05-20 12:00:00,5349.9067
2018-05-20 15:00:00,4271.927
2018-05-20 18:00:00,4398.8804
2018-05-20 21:00:00,4364.065
2018-05-21 00:00:00,9371.637
2018-05-21 03:00:00,6775.59
2018-05-21 06:00:00,5612.024
2018-05-21 09:00:00,10127.558
2018-05-21 12:00:00,11359.677
2018-05-21 15:00:00,9407.979
2018-05-21 18:00:00,8915.766
2018-05-21 21:00:00,10095.516
2018-05-22 00:00:00,11323.157
2018-05-22 03:00:00,7368.2637
2018-05-22 06:00:00,7712.142
2018-05-22 09:00:00,11831.895
2018-05-22 12:00:00,10617.044
2018-05-22 15:00:00,10046.661
2018-05-22 18:00:00,9689.652
2018-05-22 21:00:00,10547.514
2018-05-23 00:00:00,11801.111
2018-05-23 03:00:00,7378.445
2018-05-23 06:00:00,6087.262
2018-05-23 09:00:00,10416.437
2018-05-23 12:00:00,11016.32
2018-05-23 15:00:00,10228.377
2018-05-23 18:00:00,7993.652
2018-05-23 21:00:00,10359.413
2018-05-24 00:00:00,11199.944
2018-05-24 03:00:00,7044.5063
2018-05-24 06:00:00,6364.8506
2018-05-24 09:00:00,9637.557
2018-05-24 12:00:00,11114.206
2018-05-24 15:00:00,10277.935
2018-05-24 18:00:00,8332.549
2018-05-24 21:00:00,8543.328
2018-05-25 00:00:00,9895.502
2018-05-25 03:00:00,6704.3076
2018-05-25 06:00:00,4762.9136
2018-05-25 09:00:00,8712.34
2018-05-25 12:00:00,12318.115
2018-05-25 15:00:00,10826.402
2018-05-25 18:00:00,9801.502
2018-05-25 21:00:00,10104.833
2018-05-26 00:00:00,10649.124
2018-05-26 03:00:00,6798.5347
2018-05-26 06:00:00,5946.1606
2018-05-26 09:00:00,6582.7305
2018-05-26 12:00:00,5648.2734
2018-05-26 15:00:00,5126.2686
2018-05-26 18:00:00,4962.5366
2018-05-26 21:00:00,7939.8066
2018-05-27 00:00:00,10789.812
2018-05-27 03:00:00,6103.7646
2018-05-27 06:00:00,5993.1353
2018-05-27 09:00:00,5962.903
2018-05-27 12:00:00,4646.4976
2018-05-27 15:00:00,4366.9185
2018-05-27 18:00:00,4398.13
2018-05-27 21:00:00,4675.5947
2018-05-28 00:00:00,9171.455
2018-05-28 03:00:00,6834.7114
2018-05-28 06:00:00,4706.041
2018-05-28 09:00:00,10109.1045
2018-05-28 12:00:00,11708.002
2018-05-28 15:00:00,11465.555
2018-05-28 18:00:00,10903.946
2018-05-28 21:00:00,10856.984
2018-05-29 00:00:00,11457.406
2018-05-29 03:00:00,7948.563
2018-05-29 06:00:00,6835.4175
2018-05-29 09:00:00,10300.326
2018-05-29 12:00:00,10647.827
2018-05-29 15:00:00,9917.845
2018-05-29 18:00:00,10121.232
2018-05-29 21:00:00,10487.926
2018-05-30 00:00:00,11453.134
2018-05-30 03:00:00,6941.118
2018-05-30 06:00:00,6256.09
2018-05-30 09:00:00,11393.878
2018-05-30 12:00:00,11038.475
2018-05-30 15:00:00,9398.998
2018-05-30 18:00:00,9072.389
2018-05-30 21:00:00,9510.472
2018-05-31 00:00:00,11835.705
2018-05-31 03:00:00,7205.7476
2018-05-31 06:00:00,5608.7393
2018-05-31 09:00:00,9815.615
2018-05-31 12:00:00,10830.137
2018-05-31 15:00:00,10178.031
2018-05-31 18:00:00,9806.928
2018-05-31 21:00:00,9679.969
2018-06-01 00:00:00,12458.266
2018-06-01 03:00:00,7921.796
2018-06-01 06:00:00,6773.49
2018-06-01 09:00:00,10764.695
2018-06-01 12:00:00,11844.703
2018-06-01 15:00:00,11777.294
2018-06-01 18:00:00,11545.8125
2018-06-01 21:00:00,14535.336
2018-06-02 00:00:00,12410.391
2018-06-02 03:00:00,7591.073
2018-06-02 06:00:00,6078.9473
2018-06-02 09:00:00,9375.176
2018-06-02 12:00:00,12031.985
2018-06-02 15:00:00,11441.769
2018-06-02 18:00:00,9326.135
2018-06-02 21:00:00,11060.289
2018-06-03 00:00:00,8870.831
2018-06-03 03:00:00,5503.96
2018-06-03 06:00:00,4357.4595
2018-06-03 09:00:00,6306.86
2018-06-03 12:00:00,6416.025
2018-06-03 15:00:00,5904.1836
2018-06-03 18:00:00,7165.556
2018-06-03 21:00:00,7728.5474
2018-06-04 00:00:00,6970.6123
2018-06-04 03:00:00,3734.6387
2018-06-04 06:00:00,2420.9805
2018-06-04 09:00:00,5585.4507
2018-06-04 12:00:00,6275.4653
2018-06-04 15:00:00,5242.515
2018-06-04 18:00:00,3374.0493
2018-06-04 21:00:00,4562.876
2018-06-05 00:00:00,7239.169
2018-06-05 03:00:00,5533.585
2018-06-05 06:00:00,4043.716
2018-06-05 09:00:00,7891.1914
2018-06-05 12:00:00,9052.171
2018-06-05 15:00:00,7482.345
2018-06-05 18:00:00,6820.2964
2018-06-05 21:00:00,6622.491
2018-06-06 00:00:00,11746.12
2018-06-06 03:00:00,8587.062
2018-06-06 06:00:00,7102.7544
2018-06-06 09:00:00,11205.542
2018-06-06 12:00:00,13558.644
2018-06-06 15:00:00,12067.1875
2018-06-06 18:00:00,11360.799
2018-06-06 21:00:00,12927.107
2018-06-07 00:00:00,14276.724
2018-06-07 03:00:00,9825.75
2018-06-07 06:00:00,9082.618
2018-06-07 09:00:00,13064.106
2018-06-07 12:00:00,13728.674
2018-06-07 15:00:00,12597.522
2018-06-07 18:00:00,12094.367
2018-06-07 21:00:00,13241.253
2018-06-08 00:00:00,14242.263
2018-06-08 03:00:00,11007.329
2018-06-08 06:00:00,8465.665
2018-06-08 09:00:00,13370.968
2018-06-08 12:00:00,14139.229
2018-06-08 15:00:00,12945.026
2018-06-08 18:00:00,13755.148
2018-06-08 21:00:00,13993.686
2018-06-09 00:00:00,14733.777
2018-06-09 03:00:00,11231.397
2018-06-09 06:00:00,10533.821
2018-06-09 09:00:00,12231.896
2018-06-09 12:00:00,13389.836
2018-06-09 15:00:00,12841.252
2018-06-09 18:00:00,11454.847
2018-06-09 21:00:00,13148.644
2018-06-10 00:00:00,14625.383
2018-06-10 03:00:00,12266.729
2018-06-10 06:00:00,10415.205
2018-06-10 09:00:00,11963.011
2018-06-10 12:00:00,13763.899
2018-06-10 15:00:00,13041.371
2018-06-10 18:00:00,11347.086
2018-06-10 21:00:00,13411.929
2018-06-11 00:00:00,13557.027
2018-06-11 03:00:00,7130.219
2018-06-11 06:00:00,7558.92
2018-06-11 09:00:00,13398.967
2018-06-11 12:00:00,14143.708
2018-06-11 15:00:00,12618.532
2018-06-11 18:00:00,11502.673
2018-06-11 21:00:00,13625.808
2018-06-12 00:00:00,13306.469
2018-06-12 03:00:00,8390.726
2018-06-12 06:00:00,8118.9336
2018-06-12 09:00:00,12627.482
2018-06-12 12:00:00,14180.903
2018-06-12 15:00:00,13988.419
2018-06-12 18:00:00,13943.498
2018-06-12 21:00:00,14660.147
2018-06-13 00:00:00,13061.417
2018-06-13 03:00:00,4199.575
2018-06-13 06:00:00,4971.5405
2018-06-13 09:00:00,8917.503
2018-06-13 12:00:00,11648.957
2018-06-13 15:00:00,11468.757
2018-06-13 18:00:00,10896.827
2018-06-13 21:00:00,11439.124
2018-06-14 00:00:00,12405.851
2018-06-14 03:00:00,7231.126
2018-06-14 06:00:00,4774.4243
2018-06-14 09:00:00,11055.434
2018-06-14 12:00:00,12403.652
2018-06-14 15:00:00,12388.648
2018-06-14 18:00:00,12635.364
2018-06-14 21:00:00,12648.467
2018-06-15 00:00:00,13454.688
2018-06-15 03:00:00,8891.443
2018-06-15 06:00:00,7671.864
2018-06-15 09:00:00,11808.45
2018-06-15 12:00:00,13417.185
2018-06-15 15:00:00,12535.637
2018-06-15 18:00:00,11519.912
2018-06-15 21:00:00,12789.804
2018-06-16 00:00:00,12985.111
2018-06-16 03:00:00,7534.175
2018-06-16 06:00:00,8009.1924
2018-06-16 09:00:00,8293.73
2018-06-16 12:00:00,8485.887
2018-06-16 15:00:00,8508.366
2018-06-16 18:00:00,7605.416
2018-06-16 21:00:00,7903.31
2018-06-17 00:00:00,10542.163
2018-06-17 03:00:00,7601.066
2018-06-17 06:00:00,5037.9023
2018-06-17 09:00:00,5234.3613
2018-06-17 12:00:00,6547.9976
2018-06-17 15:00:00,6270.331
2018-06-17 18:00:00,6156.418
2018-06-17 21:00:00,6841.0317
2018-06-18 00:00:00,10479.523
2018-06-18 03:00:00,4879.0537
2018-06-18 06:00:00,6399.3784
2018-06-18 09:00:00,10218.394
2018-06-18 12:00:00,11354.385
2018-06-18 15:00:00,11278.243
2018-06-18 18:00:00,10479.851
2018-06-18 21:00:00,12220.51
2018-06-19 00:00:00,11722.637
2018-06-19 03:00:00,7063.9307
2018-06-19 06:00:00,6738.382
2018-06-19 09:00:00,10624.099
2018-06-19 12:00:00,11905.416
2018-06-19 15:00:00,12861.443
2018-06-19 18:00:00,12580.258
2018-06-19 21:00:00,13584.982
2018-06-20 00:00:00,13793.724
2018-06-20 03:00:00,9515.366
2018-06-20 06:00:00,8017.6294
2018-06-20 09:00:00,12200.463
2018-06-20 12:00:00,14187.126
2018-06-20 15:00:00,13391.11
2018-06-20 18:00:00,13091.048
2018-06-20 21:00:00,13804.285
2018-06-21 00:00:00,14923.268
2018-06-21 03:00:00,9259.373
2018-06-21 06:00:00,8421.252
2018-06-21 09:00:00,12653.417
2018-06-21 12:00:00,13981.438
2018-06-21 15:00:00,12386.158
2018-06-21 18:00:00,12504.632
2018-06-21 21:00:00,13088.892
2018-06-22 00:00:00,14133.193
2018-06-22 03:00:00,7389.389
2018-06-22 06:00:00,7662.0396
2018-06-22 09:00:00,11220.057
2018-06-22 12:00:00,12237.159
2018-06-22 15:00:00,12600.114
2018-06-22 18:00:00,13030.613
2018-06-22 21:00:00,13481.18
2018-06-23 00:00:00,12841.81
2018-06-23 03:00:00,9048.949
2018-06-23 06:00:00,5998.2026
2018-06-23 09:00:00,7745.5703
2018-06-23 12:00:00,9329.022
2018-06-23 15:00:00,9612.843
2018-06-23 18:00:00,9352.748
2018-06-23 21:00:00,10284.007
2018-06-24 00:00:00,12887.909
2018-06-24 03:00:00,8270.97
2018-06-24 06:00:00,6304.4917
2018-06-24 09:00:00,6846.9453
2018-06-24 12:00:00,7755.319
2018-06-24 15:00:00,9187.047
2018-06-24 18:00:00,8575.91
2018-06-24 21:00:00,9926.983
2018-06-25 00:00:00,12836.802
2018-06-25 03:00:00,9260.318
2018-06-25 06:00:00,7375.214
2018-06-25 09:00:00,12605.057
2018-06-25 12:00:00,14058.159
2018-06-25 15:00:00,14607.78
2018-06-25 18:00:00,13901.853
2018-06-25 21:00:00,14524.191
2018-06-26 00:00:00,14698.342
2018-06-26 03:00:00,7794.709
2018-06-26 06:00:00,6895.7534
2018-06-26 09:00:00,12521.676
2018-06-26 12:00:00,13630.624
2018-06-26 15:00:00,12566.461
2018-06-26 18:00:00,13403.297
2018-06-26 21:00:00,13724.082
2018-06-27 00:00:00,15096.924
2018-06-27 03:00:00,8512.011
2018-06-27 06:00:00,8314.225
2018-06-27 09:00:00,12236.744
2018-06-27 12:00:00,13246.622
2018-06-27 15:00:00,12866.498
2018-06-27 18:00:00,11926.61
2018-06-27 21:00:00,12597.561
2018-06-28 00:00:00,14259.762
2018-06-28 03:00:00,11011.278
2018-06-28 06:00:00,8451.5625
2018-06-28 09:00:00,12282.537
2018-06-28 12:00:00,14640.975
2018-06-28 15:00:00,13276.987
2018-06-28 18:00:00,13286.17
2018-06-28 21:00:00,12441.258
2018-06-29 00:00:00,14889.801
2018-06-29 03:00:00,8853.986
2018-06-29 06:00:00,9160.471
2018-06-29 09:00:00,11649.608
2018-06-29 12:00:00,13441.685
2018-06-29 15:00:00,11652.945
2018-06-29 18:00:00,11675.126
2018-06-29 21:00:00,12759.167
2018-06-30 00:00:00,13544.513
2018-06-30 03:00:00,9033.367
2018-06-30 06:00:00,6762.9365
2018-06-30 09:00:00,7181.977
2018-06-30 12:00:00,9865.245
2018-06-30 15:00:00,9460.27
2018-06-30 18:00:00,8634.586
2018-06-30 21:00:00,9792.697
2018-07-01 00:00:00,11643.392
2018-07-01 03:00:00,6356.937
2018-07-01 06:00:00,4859.0347
2018-07-01 09:00:00,8019.4497
2018-07-01 12:00:00,8990.549
2018-07-01 15:00:00,8342.791
2018-07-01 18:00:00,7389.4478
2018-07-01 21:00:00,9276.683
2018-07-02 00:00:00,11110.726
2018-07-02 03:00:00,9500.227
2018-07-02 06:00:00,7946.191
2018-07-02 09:00:00,12102.276
2018-07-02 12:00:00,12939.177
2018-07-02 15:00:00,10317.04
2018-07-02 18:00:00,10611.938
2018-07-02 21:00:00,13577.53
2018-07-03 00:00:00,8821.274
2018-07-03 03:00:00,4700.1577
2018-07-03 06:00:00,3283.4883
2018-07-03 09:00:00,5315.2603
2018-07-03 12:00:00,6899.571
2018-07-03 15:00:00,6849.6436
2018-07-03 18:00:00,5366.608
2018-07-03 21:00:00,5735.6333
2018-07-04 00:00:00,7735.1587
2018-07-04 03:00:00,6173.8076
2018-07-04 06:00:00,4016.8481
2018-07-04 09:00:00,6073.98
2018-07-04 12:00:00,6460.2944
2018-07-04 15:00:00,6273.149
2018-07-04 18:00:00,4774.849
2018-07-04 21:00:00,5420.035
2018-07-05 00:00:00,8184.1753
2018-07-05 03:00:00,6499.681
2018-07-05 06:00:00,4980.3955
2018-07-05 09:00:00,5758.133
2018-07-05 12:00:00,7563.6177
2018-07-05 15:00:00,8349.938
2018-07-05 18:00:00,7332.872
2018-07-05 21:00:00,8205.763
2018-07-06 00:00:00,13031.234
2018-07-06 03:00:00,9768.695
2018-07-06 06:00:00,8687.678
2018-07-06 09:00:00,12355.332
2018-07-06 12:00:00,12281.226
2018-07-06 15:00:00,11740.335
2018-07-06 18:00:00,11992.32
2018-07-06 21:00:00,12627.711
2018-07-07 00:00:00,14896.885
2018-07-07 03:00:00,12135.046
2018-07-07 06:00:00,9637.811
2018-07-07 09:00:00,11436.154
2018-07-07 12:00:00,12993.335
2018-07-07 15:00:00,12864.258
2018-07-07 18:00:00,11378.95
2018-07-07 21:00:00,13178.832
2018-07-08 00:00:00,15139.507
2018-07-08 03:00:00,12044.56
2018-07-08 06:00:00,10497.396
2018-07-08 09:00:00,12309.132
2018-07-08 12:00:00,13494.445
2018-07-08 15:00:00,12431.469
2018-07-08 18:00:00,11974.9375
2018-07-08 21:00:00,13395.166
2018-07-09 00:00:00,13864.567
2018-07-09 03:00:00,10935.794
2018-07-09 06:00:00,10395.326
2018-07-09 09:00:00,11943.612
2018-07-09 12:00:00,13775.917
2018-07-09 15:00:00,12898.486
2018-07-09 18:00:00,12896.738
2018-07-09 21:00:00,13215.237
2018-07-10 00:00:00,14232.422
2018-07-10 03:00:00,12062.921
2018-07-10 06:00:00,10709.419
2018-07-10 09:00:00,13777.686
2018-07-10 12:00:00,14734.311
2018-07-10 15:00:00,14214.538
2018-07-10 18:00:00,14502.086
2018-07-10 21:00:00,14756.522
2018-07-11 00:00:00,15640.472
2018-07-11 03:00:00,12596.758
2018-07-11 06:00:00,10953.679
2018-07-11 09:00:00,13447.01
2018-07-11 12:00:00,14258.244
2018-07-11 15:00:00,14330.816
2018-07-11 18:00:00,13358.796
2018-07-11 21:00:00,14364.193
2018-07-12 00:00:00,15799.716
2018-07-12 03:00:00,10632.467
2018-07-12 06:00:00,8412.149
2018-07-12 09:00:00,14196.432
2018-07-12 12:00:00,14914.24
2018-07-12 15:00:00,15363.844
2018-07-12 18:00:00,14710.962
2018-07-12 21:00:00,15202.246
2018-07-13 00:00:00,15570.326
2018-07-13 03:00:00,10009.091
2018-07-13 06:00:00,7703.725
2018-07-13 09:00:00,12825.918
2018-07-13 12:00:00,14732.972
2018-07-13 15:00:00,14488.689
2018-07-13 18:00:00,13640.658
2018-07-13 21:00:00,14904.014
2018-07-14 00:00:00,14846.109
2018-07-14 03:00:00,10753.857
2018-07-14 06:00:00,8970.2705
2018-07-14 09:00:00,11104.8125
2018-07-14 12:00:00,11311.731
2018-07-14 15:00:00,10704.588
2018-07-14 18:00:00,10768.489
2018-07-14 21:00:00,10285.966
2018-07-15 00:00:00,12977.036
2018-07-15 03:00:00,9863.326
2018-07-15 06:00:00,7728.825
2018-07-15 09:00:00,8487.883
2018-07-15 12:00:00,8718.956
2018-07-15 15:00:00,8285.163
2018-07-15 18:00:00,6485.4365
2018-07-15 21:00:00,8322.053
2018-07-16 00:00:00,11116.2705
2018-07-16 03:00:00,4185.5005
2018-07-16 06:00:00,2714.9001
2018-07-16 09:00:00,9748.347
2018-07-16 12:00:00,10952.472
2018-07-16 15:00:00,12161.822
2018-07-16 18:00:00,10389.414
2018-07-16 21:00:00,12989.747
2018-07-17 00:00:00,14864.53
2018-07-17 03:00:00,10278.535
2018-07-17 06:00:00,9026.764
2018-07-17 09:00:00,12851.485
2018-07-17 12:00:00,15181.716
2018-07-17 15:00:00,14129.211
2018-07-17 18:00:00,15394.895
2018-07-17 21:00:00,15123.186
2018-07-18 00:00:00,15896.991
2018-07-18 03:00:00,9776.788
2018-07-18 06:00:00,7987.7075
2018-07-18 09:00:00,12918.303
2018-07-18 12:00:00,13746.641
2018-07-18 15:00:00,13996.847
2018-07-18 18:00:00,13215.148
2018-07-18 21:00:00,14016.883
2018-07-19 00:00:00,15615.985
2018-07-19 03:00:00,11105.865
2018-07-19 06:00:00,9967.381
2018-07-19 09:00:00,13412.473
2018-07-19 12:00:00,14081.154
2018-07-19 15:00:00,13190.578
2018-07-19 18:00:00,13235.601
2018-07-19 21:00:00,13504.404
2018-07-20 00:00:00,14901.652
2018-07-20 03:00:00,9293.029
2018-07-20 06:00:00,7967.615
2018-07-20 09:00:00,13153.899
2018-07-20 12:00:00,14008.436
2018-07-20 15:00:00,12755.193
2018-07-20 18:00:00,12316.733
2018-07-20 21:00:00,13646.674
2018-07-21 00:00:00,14153.864
2018-07-21 03:00:00,11198.464
2018-07-21 06:00:00,8618.811
2018-07-21 09:00:00,9182.241
2018-07-21 12:00:00,10901.566
2018-07-21 15:00:00,9828.8545
2018-07-21 18:00:00,9962.973
2018-07-21 21:00:00,10233.373
2018-07-22 00:00:00,11963.865
2018-07-22 03:00:00,8835.911
2018-07-22 06:00:00,6530.8853
2018-07-22 09:00:00,6942.6167
2018-07-22 12:00:00,8269.977
2018-07-22 15:00:00,8014.2007
2018-07-22 18:00:00,7867.207
2018-07-22 21:00:00,8995.373
2018-07-23 00:00:00,12187.573
2018-07-23 03:00:00,8128.4653
2018-07-23 06:00:00,8708.653
2018-07-23 09:00:00,13524.194
2018-07-23 12:00:00,14442.024
2018-07-23 15:00:00,14062.86
2018-07-23 18:00:00,14469.125
2018-07-23 21:00:00,14352.241
2018-07-24 00:00:00,14711.206
2018-07-24 03:00:00,11172.251
2018-07-24 06:00:00,10310.498
2018-07-24 09:00:00,13071.901
2018-07-24 12:00:00,14067.354
2018-07-24 15:00:00,13828.014
2018-07-24 18:00:00,13829.297
2018-07-24 21:00:00,14038.481
2018-07-25 00:00:00,15556.401
2018-07-25 03:00:00,9317.998
2018-07-25 06:00:00,9952.504
2018-07-25 09:00:00,13256.13
2018-07-25 12:00:00,15316.465
2018-07-25 15:00:00,14201.896
2018-07-25 18:00:00,15465.363
2018-07-25 21:00:00,14091.717
2018-07-26 00:00:00,15804.389
2018-07-26 03:00:00,10962.027
2018-07-26 06:00:00,10397.261
2018-07-26 09:00:00,13546.938
2018-07-26 12:00:00,15657.964
2018-07-26 15:00:00,14295.153
2018-07-26 18:00:00,14622.167
2018-07-26 21:00:00,13786.828
2018-07-27 00:00:00,15163.592
2018-07-27 03:00:00,11416.919
2018-07-27 06:00:00,8296.871
2018-07-27 09:00:00,13451.178
2018-07-27 12:00:00,15244.784
2018-07-27 15:00:00,13805.568
2018-07-27 18:00:00,13407.731
2018-07-27 21:00:00,15422.149
2018-07-28 00:00:00,14681.962
2018-07-28 03:00:00,10753.32
2018-07-28 06:00:00,9105.86
2018-07-28 09:00:00,11078.061
2018-07-28 12:00:00,11119.038
2018-07-28 15:00:00,10490.418
2018-07-28 18:00:00,10298.267
2018-07-28 21:00:00,10873.135
2018-07-29 00:00:00,13346.126
2018-07-29 03:00:00,9121.503
2018-07-29 06:00:00,7518.1333
2018-07-29 09:00:00,6978.4214
2018-07-29 12:00:00,9481.707
2018-07-29 15:00:00,9796.25
2018-07-29 18:00:00,9290.585
2018-07-29 21:00:00,9854.827
2018-07-30 00:00:00,13329.97
2018-07-30 03:00:00,10814.277
2018-07-30 06:00:00,10080.528
2018-07-30 09:00:00,13551.521
2018-07-30 12:00:00,15045.787
2018-07-30 15:00:00,14803.458
2018-07-30 18:00:00,14313.764
2018-07-30 21:00:00,13707.128
2018-07-31 00:00:00,15878.899
2018-07-31 03:00:00,10839.229
2018-07-31 06:00:00,9640.337
2018-07-31 09:00:00,14509.079
2018-07-31 12:00:00,15467.052
2018-07-31 15:00:00,15621.861
2018-07-31 18:00:00,16452.836
2018-07-31 21:00:00,15897.977
2018-08-01 00:00:00,13316.928
2018-08-01 03:00:00,9212.408
2018-08-01 06:00:00,8241.752
2018-08-01 09:00:00,10650.986
2018-08-01 12:00:00,12729.762
2018-08-01 15:00:00,12477.022
2018-08-01 18:00:00,12394.94
2018-08-01 21:00:00,13828.185
2018-08-02 00:00:00,12634.907
2018-08-02 03:00:00,8998.843
2018-08-02 06:00:00,7526.7476
2018-08-02 09:00:00,10394.815
2018-08-02 12:00:00,10477.36
2018-08-02 15:00:00,11020.603
2018-08-02 18:00:00,9542.679
2018-08-02 21:00:00,12150.985
2018-08-03 00:00:00,9020.381
2018-08-03 03:00:00,3432.1594
2018-08-03 06:00:00,3544.3586
2018-08-03 09:00:00,6440.5083
2018-08-03 12:00:00,6189.4824
2018-08-03 15:00:00,6007.18
2018-08-03 18:00:00,6798.8936
2018-08-03 21:00:00,7332.838
2018-08-04 00:00:00,5743.179
2018-08-04 03:00:00,2815.7725
2018-08-04 06:00:00,2048.5906
2018-08-04 09:00:00,5670.8296
2018-08-04 12:00:00,5299.674
2018-08-04 15:00:00,4656.5
2018-08-04 18:00:00,5356.54
2018-08-04 21:00:00,6214.4087
2018-08-05 00:00:00,6406.167
2018-08-05 03:00:00,5177.385
2018-08-05 06:00:00,4689.8364
2018-08-05 09:00:00,7277.547
2018-08-05 12:00:00,7432.1006
2018-08-05 15:00:00,6637.241
2018-08-05 18:00:00,7910.4624
2018-08-05 21:00:00,9391.419
2018-08-06 00:00:00,11508.11
2018-08-06 03:00:00,9211.332
2018-08-06 06:00:00,7501.34
2018-08-06 09:00:00,11267.193
2018-08-06 12:00:00,10814.193
2018-08-06 15:00:00,12187.841
2018-08-06 18:00:00,9866.544
2018-08-06 21:00:00,10227.3545
2018-08-07 00:00:00,13142.932
2018-08-07 03:00:00,9493.639
2018-08-07 06:00:00,7994.836
2018-08-07 09:00:00,11245.637
2018-08-07 12:00:00,13307.608
2018-08-07 15:00:00,12385.108
2018-08-07 18:00:00,13380.44
2018-08-07 21:00:00,12524.414
2018-08-08 00:00:00,14823.433
2018-08-08 03:00:00,10370.411
2018-08-08 06:00:00,9090.648
2018-08-08 09:00:00,12180.863
2018-08-08 12:00:00,13600.67
2018-08-08 15:00:00,12707.644
2018-08-08 18:00:00,12570.21
2018-08-08 21:00:00,12790.53
2018-08-09 00:00:00,14606.514
2018-08-09 03:00:00,8744.264
2018-08-09 06:00:00,8560.801
2018-08-09 09:00:00,12967.232
2018-08-09 12:00:00,14049.975
2018-08-09 15:00:00,12234.803
2018-08-09 18:00:00,10933.051
2018-08-09 21:00:00,13366.65
2018-08-10 00:00:00,12518.798
2018-08-10 03:00:00,10582.379
2018-08-10 06:00:00,9399.258
2018-08-10 09:00:00,12970.294
2018-08-10 12:00:00,13609.694
2018-08-10 15:00:00,13822.592
2018-08-10 18:00:00,13010.19
2018-08-10 21:00:00,14099.367
2018-08-11 00:00:00,14616.676
2018-08-11 03:00:00,11409.024
2018-08-11 06:00:00,9593.756
2018-08-11 09:00:00,12678.34
2018-08-11 12:00:00,13520.087
2018-08-11 15:00:00,12976.095
2018-08-11 18:00:00,12043.748
2018-08-11 21:00:00,13022.904
2018-08-12 00:00:00,15090.538
2018-08-12 03:00:00,12375.788
2018-08-12 06:00:00,10950.742
2018-08-12 09:00:00,12072.537
2018-08-12 12:00:00,13093.457
2018-08-12 15:00:00,11324.309
2018-08-12 18:00:00,10447.287
2018-08-12 21:00:00,13291.853
2018-08-13 00:00:00,14805.757
2018-08-13 03:00:00,9149.424
2018-08-13 06:00:00,7041.6255
2018-08-13 09:00:00,12648.456
2018-08-13 12:00:00,12947.576
2018-08-13 15:00:00,12278.634
2018-08-13 18:00:00,12466.745
2018-08-13 21:00:00,13158.847
2018-08-14 00:00:00,15288.315
2018-08-14 03:00:00,10440.51
2018-08-14 06:00:00,9050.224
2018-08-14 09:00:00,12773.053
2018-08-14 12:00:00,13666.765
2018-08-14 15:00:00,13881.189
2018-08-14 18:00:00,13814.2295
2018-08-14 21:00:00,13988.507
2018-08-15 00:00:00,15234.722
2018-08-15 03:00:00,10813.182
2018-08-15 06:00:00,9089.313
2018-08-15 09:00:00,13353.607
2018-08-15 12:00:00,14406.132
2018-08-15 15:00:00,13979.876
2018-08-15 18:00:00,14855.737
2018-08-15 21:00:00,14875.701
2018-08-16 00:00:00,15771.424
2018-08-16 03:00:00,10239.6045
2018-08-16 06:00:00,8234.463
2018-08-16 09:00:00,13261.141
2018-08-16 12:00:00,14049.093
2018-08-16 15:00:00,12865.863
2018-08-16 18:00:00,13498.561
2018-08-16 21:00:00,13936.521
2018-08-17 00:00:00,15294.494
2018-08-17 03:00:00,9220.228
2018-08-17 06:00:00,7017.56
2018-08-17 09:00:00,12533.977
2018-08-17 12:00:00,12739.597
2018-08-17 15:00:00,14454.498
2018-08-17 18:00:00,12267.43
2018-08-17 21:00:00,12567.45
2018-08-18 00:00:00,12681.415
2018-08-18 03:00:00,8082.708
2018-08-18 06:00:00,7208.7656
2018-08-18 09:00:00,8530.308
2018-08-18 12:00:00,10296.389
2018-08-18 15:00:00,9376.106
2018-08-18 18:00:00,10263.695
2018-08-18 21:00:00,10340.309
2018-08-19 00:00:00,11746.016
2018-08-19 03:00:00,7712.5566
2018-08-19 06:00:00,5376.4097
2018-08-19 09:00:00,6313.525
2018-08-19 12:00:00,7793.3257
2018-08-19 15:00:00,7953.0264
2018-08-19 18:00:00,7008.6934
2018-08-19 21:00:00,8627.661
2018-08-20 00:00:00,11819.094
2018-08-20 03:00:00,7429.193
2018-08-20 06:00:00,6282.816
2018-08-20 09:00:00,13121.041
2018-08-20 12:00:00,14056.726
2018-08-20 15:00:00,13160.8955
2018-08-20 18:00:00,12770.92
2018-08-20 21:00:00,13841.626
2018-08-21 00:00:00,13620.899
2018-08-21 03:00:00,8867.905
2018-08-21 06:00:00,6354.3496
2018-08-21 09:00:00,12832.34
2018-08-21 12:00:00,14627.155
2018-08-21 15:00:00,14473.26
2018-08-21 18:00:00,13551.825
2018-08-21 21:00:00,14304.163
2018-08-22 00:00:00,14841.726
2018-08-22 03:00:00,10944.895
2018-08-22 06:00:00,7315.968
2018-08-22 09:00:00,12771.071
2018-08-22 12:00:00,14116.287
2018-08-22 15:00:00,13381.706
2018-08-22 18:00:00,13144.603
2018-08-22 21:00:00,13857.862
2018-08-23 00:00:00,14950.603
2018-08-23 03:00:00,10774.694
2018-08-23 06:00:00,9621.192
2018-08-23 09:00:00,13020.8
2018-08-23 12:00:00,14131.807
2018-08-23 15:00:00,14021.964
2018-08-23 18:00:00,12792.663
2018-08-23 21:00:00,13646.819
2018-08-24 00:00:00,14164.136
2018-08-24 03:00:00,9068.147
2018-08-24 06:00:00,6915.659
2018-08-24 09:00:00,12431.178
2018-08-24 12:00:00,13756.649
2018-08-24 15:00:00,13465.043
2018-08-24 18:00:00,12452.865
2018-08-24 21:00:00,13643.248
2018-08-25 00:00:00,14395.73
2018-08-25 03:00:00,10000.082
2018-08-25 06:00:00,7826.152
2018-08-25 09:00:00,9544.46
2018-08-25 12:00:00,11231.07
2018-08-25 15:00:00,9502.856
2018-08-25 18:00:00,8845.96
2018-08-25 21:00:00,10198.99
2018-08-26 00:00:00,12421.634
2018-08-26 03:00:00,8403.044
2018-08-26 06:00:00,5595.7866
2018-08-26 09:00:00,6404.1235
2018-08-26 12:00:00,9310.725
2018-08-26 15:00:00,8641.62
2018-08-26 18:00:00,8068.7505
2018-08-26 21:00:00,8898.873
2018-08-27 00:00:00,12058.671
2018-08-27 03:00:00,10080.577
2018-08-27 06:00:00,9121.649
2018-08-27 09:00:00,12600.226
2018-08-27 12:00:00,14262.035
2018-08-27 15:00:00,14780.465
2018-08-27 18:00:00,13447.892
2018-08-27 21:00:00,15076.683
2018-08-28 00:00:00,15141.941
2018-08-28 03:00:00,9349.989
2018-08-28 06:00:00,7601.924
2018-08-28 09:00:00,13724.958
2018-08-28 12:00:00,13945.19
2018-08-28 15:00:00,12791.892
2018-08-28 18:00:00,12972.975
2018-08-28 21:00:00,13041.289
2018-08-29 00:00:00,15301.932
2018-08-29 03:00:00,9176.189
2018-08-29 06:00:00,8512.502
2018-08-29 09:00:00,13016.109
2018-08-29 12:00:00,14899.556
2018-08-29 15:00:00,11903.494
2018-08-29 18:00:00,13948.775
2018-08-29 21:00:00,14110.625
2018-08-30 00:00:00,13918.31
2018-08-30 03:00:00,9189.789
2018-08-30 06:00:00,8438.09
2018-08-30 09:00:00,12852.717
2018-08-30 12:00:00,14898.729
2018-08-30 15:00:00,14354.794
2018-08-30 18:00:00,14020.789
2018-08-30 21:00:00,14693.044
2018-08-31 00:00:00,15146.81
2018-08-31 03:00:00,9938.167
2018-08-31 06:00:00,8580.757
2018-08-31 09:00:00,13263.947
2018-08-31 12:00:00,14730.184
2018-08-31 15:00:00,14956.288
2018-08-31 18:00:00,14721.993
2018-08-31 21:00:00,14328.981
2018-09-01 00:00:00,13064.258
2018-09-01 03:00:00,8336.648
2018-09-01 06:00:00,7643.443
2018-09-01 09:00:00,10483.362
2018-09-01 12:00:00,11349.861
2018-09-01 15:00:00,10717.785
2018-09-01 18:00:00,8842.721
2018-09-01 21:00:00,12934.737
2018-09-02 00:00:00,10267.608
2018-09-02 03:00:00,6770.0435
2018-09-02 06:00:00,5902.968
2018-09-02 09:00:00,6885.6753
2018-09-02 12:00:00,7882.952
2018-09-02 15:00:00,5816.443
2018-09-02 18:00:00,5685.006
2018-09-02 21:00:00,9436.532
2018-09-03 00:00:00,8438.795
2018-09-03 03:00:00,5193.7495
2018-09-03 06:00:00,3672.8323
2018-09-03 09:00:00,5714.2363
2018-09-03 12:00:00,5660.9536
2018-09-03 15:00:00,5760.897
2018-09-03 18:00:00,5408.108
2018-09-03 21:00:00,8021.9043
2018-09-04 00:00:00,8393.717
2018-09-04 03:00:00,5082.0913
2018-09-04 06:00:00,4436.2593
2018-09-04 09:00:00,6802.901
2018-09-04 12:00:00,7189.0947
2018-09-04 15:00:00,6394.7617
2018-09-04 18:00:00,5804.7314
2018-09-04 21:00:00,7263.0376
2018-09-05 00:00:00,8576.308
2018-09-05 03:00:00,5731.5947
2018-09-05 06:00:00,5189.7827
2018-09-05 09:00:00,8119.297
2018-09-05 12:00:00,9369.903
2018-09-05 15:00:00,9032.682
2018-09-05 18:00:00,8474.162
2018-09-05 21:00:00,9717.736
2018-09-06 00:00:00,13709.313
2018-09-06 03:00:00,12251.709
2018-09-06 06:00:00,10456.546
2018-09-06 09:00:00,12987.642
2018-09-06 12:00:00,12896.774
2018-09-06 15:00:00,12910.761
2018-09-06 18:00:00,13517.389
2018-09-06 21:00:00,13057.233
2018-09-07 00:00:00,15024.574
2018-09-07 03:00:00,10599.066
2018-09-07 06:00:00,10714.881
2018-09-07 09:00:00,13574.106
2018-09-07 12:00:00,14117.579
2018-09-07 15:00:00,13379.518
2018-09-07 18:00:00,13997.383
2018-09-07 21:00:00,14065.705
2018-09-08 00:00:00,14755.646
2018-09-08 03:00:00,11884.292
2018-09-08 06:00:00,9761.737
2018-09-08 09:00:00,11901.199
2018-09-08 12:00:00,13570.877
2018-09-08 15:00:00,12494.658
2018-09-08 18:00:00,12043.16
2018-09-08 21:00:00,12740.751
2018-09-09 00:00:00,14769.901
2018-09-09 03:00:00,11753.505
2018-09-09 06:00:00,11702.801
2018-09-09 09:00:00,12812.734
2018-09-09 12:00:00,14216.454
2018-09-09 15:00:00,12653.358
2018-09-09 18:00:00,12700.078
2018-09-09 21:00:00,13878.297
2018-09-10 00:00:00,14450.769
2018-09-10 03:00:00,9891.897
2018-09-10 06:00:00,8370.591
2018-09-10 09:00:00,11644.04
2018-09-10 12:00:00,13624.921
2018-09-10 15:00:00,14199.356
2018-09-10 18:00:00,13749.786
2018-09-10 21:00:00,13847.604
2018-09-11 00:00:00,14388.564
2018-09-11 03:00:00,11018.145
2018-09-11 06:00:00,8733.81
2018-09-11 09:00:00,13428.668
2018-09-11 12:00:00,13341.524
2018-09-11 15:00:00,14037.569
2018-09-11 18:00:00,13484.802
2018-09-11 21:00:00,14869.503
2018-09-12 00:00:00,14978.531
2018-09-12 03:00:00,12270.048
2018-09-12 06:00:00,8881.8545
2018-09-12 09:00:00,13971.949
2018-09-12 12:00:00,14409.397
2018-09-12 15:00:00,12742.946
2018-09-12 18:00:00,13721.575
2018-09-12 21:00:00,14302.161
2018-09-13 00:00:00,14142.255
2018-09-13 03:00:00,10841.143
2018-09-13 06:00:00,9334.282
2018-09-13 09:00:00,13160.781
2018-09-13 12:00:00,14342.074
2018-09-13 15:00:00,13928.229
2018-09-13 18:00:00,13609.584
2018-09-13 21:00:00,14549.12
2018-09-14 00:00:00,15093.14
2018-09-14 03:00:00,11218.18
2018-09-14 06:00:00,9597.365
2018-09-14 09:00:00,13961.177
2018-09-14 12:00:00,14395.266
2018-09-14 15:00:00,14564.444
2018-09-14 18:00:00,13706.279
2018-09-14 21:00:00,14882.253
2018-09-15 00:00:00,15141.637
2018-09-15 03:00:00,10329.964
2018-09-15 06:00:00,8315.311
2018-09-15 09:00:00,9582.043
2018-09-15 12:00:00,10797.876
2018-09-15 15:00:00,9707.384
2018-09-15 18:00:00,9722.974
2018-09-15 21:00:00,11884.298
2018-09-16 00:00:00,11791.114
2018-09-16 03:00:00,8754.689
2018-09-16 06:00:00,6520.4414
2018-09-16 09:00:00,6485.8384
2018-09-16 12:00:00,8640.356
2018-09-16 15:00:00,8201.521
2018-09-16 18:00:00,7977.385
2018-09-16 21:00:00,9897.955
2018-09-17 00:00:00,12258.465
2018-09-17 03:00:00,9375.812
2018-09-17 06:00:00,7523.417
2018-09-17 09:00:00,10653.563
2018-09-17 12:00:00,13652.692
2018-09-17 15:00:00,13564.599
2018-09-17 18:00:00,12764.034
2018-09-17 21:00:00,13946.134
2018-09-18 00:00:00,14307.713
2018-09-18 03:00:00,7130.7666
2018-09-18 06:00:00,8699.613
2018-09-18 09:00:00,13042.15
2018-09-18 12:00:00,14990.439
2018-09-18 15:00:00,14505.001
2018-09-18 18:00:00,13789.931
2018-09-18 21:00:00,14650.978
2018-09-19 00:00:00,14634.828
2018-09-19 03:00:00,8798.463
2018-09-19 06:00:00,9116.741
2018-09-19 09:00:00,12500.58
2018-09-19 12:00:00,14608.84
2018-09-19 15:00:00,12823.312
2018-09-19 18:00:00,13254.6455
2018-09-19 21:00:00,14470.433
2018-09-20 00:00:00,14619.66
2018-09-20 03:00:00,9851.303
2018-09-20 06:00:00,8493.879
2018-09-20 09:00:00,12698.591
2018-09-20 12:00:00,14881.24
2018-09-20 15:00:00,12851.558
2018-09-20 18:00:00,13240.139
2018-09-20 21:00:00,14970.617
2018-09-21 00:00:00,14347.618
2018-09-21 03:00:00,9700.813
2018-09-21 06:00:00,8967.725
2018-09-21 09:00:00,13427.866
2018-09-21 12:00:00,15188.839
2018-09-21 15:00:00,11947.224
2018-09-21 18:00:00,13146.341
2018-09-21 21:00:00,13768.602
2018-09-22 00:00:00,13837.231
2018-09-22 03:00:00,9407.136
2018-09-22 06:00:00,8554.394
2018-09-22 09:00:00,9769.979
2018-09-22 12:00:00,11774.571
2018-09-22 15:00:00,10294.787
2018-09-22 18:00:00,10453.257
2018-09-22 21:00:00,10657.599
2018-09-23 00:00:00,11944.852
2018-09-23 03:00:00,8223.918
2018-09-23 06:00:00,6673.786
2018-09-23 09:00:00,6718.5474
2018-09-23 12:00:00,7775.3574
2018-09-23 15:00:00,8544.535
2018-09-23 18:00:00,7873.1226
2018-09-23 21:00:00,7835.789
2018-09-24 00:00:00,11003.971
2018-09-24 03:00:00,6192.81
2018-09-24 06:00:00,7798.894
2018-09-24 09:00:00,11337.545
2018-09-24 12:00:00,13157.993
2018-09-24 15:00:00,13104.416
2018-09-24 18:00:00,13246.857
2018-09-24 21:00:00,14017.158
2018-09-25 00:00:00,14090.34
2018-09-25 03:00:00,8492.741
2018-09-25 06:00:00,6635.697
2018-09-25 09:00:00,12391.242
2018-09-25 12:00:00,13726.054
2018-09-25 15:00:00,12831.135
2018-09-25 18:00:00,12900.607
2018-09-25 21:00:00,13681.902
2018-09-26 00:00:00,11800.262
2018-09-26 03:00:00,10547.533
2018-09-26 06:00:00,5682.5674
2018-09-26 09:00:00,12708.167
2018-09-26 12:00:00,11907.141
2018-09-26 15:00:00,12312.496
2018-09-26 18:00:00,12027.414
2018-09-26 21:00:00,12103.016
2018-09-27 00:00:00,12530.776
2018-09-27 03:00:00,6230.4624
2018-09-27 06:00:00,4466.927
2018-09-27 09:00:00,11168.721
2018-09-27 12:00:00,14114.206
2018-09-27 15:00:00,13923.7705
2018-09-27 18:00:00,13212.3125
2018-09-27 21:00:00,14526.402
2018-09-28 00:00:00,13255.188
2018-09-28 03:00:00,10348.676
2018-09-28 06:00:00,8282.177
2018-09-28 09:00:00,12924.117
2018-09-28 12:00:00,14725.206
2018-09-28 15:00:00,13717.99
2018-09-28 18:00:00,12240.847
2018-09-28 21:00:00,14048.404
2018-09-29 00:00:00,13352.359
2018-09-29 03:00:00,10636.994
2018-09-29 06:00:00,8224.612
2018-09-29 09:00:00,9089.396
2018-09-29 12:00:00,10888.85
2018-09-29 15:00:00,9897.071
2018-09-29 18:00:00,9426.952
2018-09-29 21:00:00,11276.774
2018-09-30 00:00:00,11875.415
2018-09-30 03:00:00,7789.168
2018-09-30 06:00:00,6171.059
2018-09-30 09:00:00,6861.9595
2018-09-30 12:00:00,8516.173
2018-09-30 15:00:00,7510.251
2018-09-30 18:00:00,6727.4023
2018-09-30 21:00:00,7702.11
2018-10-01 00:00:00,11596.194
2018-10-01 03:00:00,7984.462
2018-10-01 06:00:00,7582.741
2018-10-01 09:00:00,10920.947
2018-10-01 12:00:00,10631.346
2018-10-01 15:00:00,10658.612
2018-10-01 18:00:00,10491.26
2018-10-01 21:00:00,12658.088
2018-10-02 00:00:00,9000.366
2018-10-02 03:00:00,8093.609
2018-10-02 06:00:00,6690.7373
2018-10-02 09:00:00,9633.75
2018-10-02 12:00:00,10571.888
2018-10-02 15:00:00,10537.569
2018-10-02 18:00:00,9114.832
2018-10-02 21:00:00,12311.077
2018-10-03 00:00:00,8679.264
2018-10-03 03:00:00,5835.937
2018-10-03 06:00:00,4149.464
2018-10-03 09:00:00,7007.21
2018-10-03 12:00:00,8983.257
2018-10-03 15:00:00,6515.77
2018-10-03 18:00:00,6547.594
2018-10-03 21:00:00,7663.7495
2018-10-04 00:00:00,7138.4736
2018-10-04 03:00:00,6494.3315
2018-10-04 06:00:00,3392.0308
2018-10-04 09:00:00,6757.8228
2018-10-04 12:00:00,7655.1934
2018-10-04 15:00:00,6047.51
2018-10-04 18:00:00,5237.998
2018-10-04 21:00:00,7532.2993
2018-10-05 00:00:00,8898.802
2018-10-05 03:00:00,6514.919
2018-10-05 06:00:00,4560.3955
2018-10-05 09:00:00,7953.5713
2018-10-05 12:00:00,8213.002
2018-10-05 15:00:00,7347.4175
2018-10-05 18:00:00,6790.9473
2018-10-05 21:00:00,8688.315
2018-10-06 00:00:00,12373.947
2018-10-06 03:00:00,9337.408
2018-10-06 06:00:00,8272.247
2018-10-06 09:00:00,10712.494
2018-10-06 12:00:00,12796.979
2018-10-06 15:00:00,13163.788
2018-10-06 18:00:00,10316.42
2018-10-06 21:00:00,12330.386
2018-10-07 00:00:00,13256.613
2018-10-07 03:00:00,11107.545
2018-10-07 06:00:00,10372.409
2018-10-07 09:00:00,11609.683
2018-10-07 12:00:00,12993.747
2018-10-07 15:00:00,13589.232
2018-10-07 18:00:00,12581.48
2018-10-07 21:00:00,13167.723
2018-10-08 00:00:00,12605.022
2018-10-08 03:00:00,8175.5127
2018-10-08 06:00:00,7234.5103
2018-10-08 09:00:00,12435.044
2018-10-08 12:00:00,13217.731
2018-10-08 15:00:00,13673.863
2018-10-08 18:00:00,12756.296
2018-10-08 21:00:00,13313.273
2018-10-09 00:00:00,14427.851
2018-10-09 03:00:00,9590.856
2018-10-09 06:00:00,9175.794
2018-10-09 09:00:00,13003.541
2018-10-09 12:00:00,14234.437
2018-10-09 15:00:00,13587.674
2018-10-09 18:00:00,12572.199
2018-10-09 21:00:00,13660.07
2018-10-10 00:00:00,14554.365
2018-10-10 03:00:00,11242.73
2018-10-10 06:00:00,8701.495
2018-10-10 09:00:00,13474.088
2018-10-10 12:00:00,13561.556
2018-10-10 15:00:00,14495.537
2018-10-10 18:00:00,13143.642
2018-10-10 21:00:00,14219.74
2018-10-11 00:00:00,14021.595
2018-10-11 03:00:00,9348.104
2018-10-11 06:00:00,8331.641
2018-10-11 09:00:00,13231.304
2018-10-11 12:00:00,14639.322
2018-10-11 15:00:00,13283.159
2018-10-11 18:00:00,13068.849
2018-10-11 21:00:00,15233.843
2018-10-12 00:00:00,15392.1
2018-10-12 03:00:00,10436.482
2018-10-12 06:00:00,9332.6875
2018-10-12 09:00:00,13849.276
2018-10-12 12:00:00,14192.919
2018-10-12 15:00:00,14899.166
2018-10-12 18:00:00,14282.657
2018-10-12 21:00:00,15016.144
2018-10-13 00:00:00,13316.182
2018-10-13 03:00:00,6939.501
2018-10-13 06:00:00,5627.0156
2018-10-13 09:00:00,7188.463
2018-10-13 12:00:00,9947.501
2018-10-13 15:00:00,9240.076
2018-10-13 18:00:00,9401.545
2018-10-13 21:00:00,9979.655
2018-10-14 00:00:00,11538.075
2018-10-14 03:00:00,4245.1777
2018-10-14 06:00:00,4862.0254
2018-10-14 09:00:00,4597.508
2018-10-14 12:00:00,7110.0215
2018-10-14 15:00:00,6052.5444
2018-10-14 18:00:00,4328.641
2018-10-14 21:00:00,8579.961
2018-10-15 00:00:00,11674.787
2018-10-15 03:00:00,7880.0215
2018-10-15 06:00:00,5652.7554
2018-10-15 09:00:00,11291.848
2018-10-15 12:00:00,13738.249
2018-10-15 15:00:00,13695.69
2018-10-15 18:00:00,12547.903
2018-10-15 21:00:00,13700.405
2018-10-16 00:00:00,14496.532
2018-10-16 03:00:00,7994.6743
2018-10-16 06:00:00,7344.892
2018-10-16 09:00:00,13125.1455
2018-10-16 12:00:00,15339.001
2018-10-16 15:00:00,14800.678
2018-10-16 18:00:00,14488.976
2018-10-16 21:00:00,14643.306
2018-10-17 00:00:00,14858.176
2018-10-17 03:00:00,8896.817
2018-10-17 06:00:00,7262.8745
2018-10-17 09:00:00,12749.227
2018-10-17 12:00:00,15136.315
2018-10-17 15:00:00,14022.72
2018-10-17 18:00:00,12226.144
2018-10-17 21:00:00,14531.515
2018-10-18 00:00:00,13980.389
2018-10-18 03:00:00,8571.269
2018-10-18 06:00:00,8169.8965
2018-10-18 09:00:00,13193.624
2018-10-18 12:00:00,15365.775
2018-10-18 15:00:00,15482.386
2018-10-18 18:00:00,13856.286
2018-10-18 21:00:00,15402.265
2018-10-19 00:00:00,12644.435
2018-10-19 03:00:00,7383.528
2018-10-19 06:00:00,4451.998
2018-10-19 09:00:00,12022.85
2018-10-19 12:00:00,13712.88
2018-10-19 15:00:00,13336.463
2018-10-19 18:00:00,13471.935
2018-10-19 21:00:00,14607.986
2018-10-20 00:00:00,12826.512
2018-10-20 03:00:00,10103.63
2018-10-20 06:00:00,8601.3955
2018-10-20 09:00:00,9607.7705
2018-10-20 12:00:00,11730.647
2018-10-20 15:00:00,11046.511
2018-10-20 18:00:00,11102.906
2018-10-20 21:00:00,12083.673
2018-10-21 00:00:00,12244.987
2018-10-21 03:00:00,7127.7427
2018-10-21 06:00:00,5720.749
2018-10-21 09:00:00,5441.92
2018-10-21 12:00:00,9607.191
2018-10-21 15:00:00,8557.736
2018-10-21 18:00:00,7068.0366
2018-10-21 21:00:00,9559.455
2018-10-22 00:00:00,10850.109
2018-10-22 03:00:00,8435.841
2018-10-22 06:00:00,5221.737
2018-10-22 09:00:00,10733.402
2018-10-22 12:00:00,12903.322
2018-10-22 15:00:00,13138.231
2018-10-22 18:00:00,12630.977
2018-10-22 21:00:00,13597.078
2018-10-23 00:00:00,13750.237
2018-10-23 03:00:00,10068.721
2018-10-23 06:00:00,7369.0234
2018-10-23 09:00:00,12867.482
2018-10-23 12:00:00,13717.747
2018-10-23 15:00:00,13896.962
2018-10-23 18:00:00,13018.974
2018-10-23 21:00:00,14586.398
2018-10-24 00:00:00,13426.809
2018-10-24 03:00:00,9919.149
2018-10-24 06:00:00,6129.8135
2018-10-24 09:00:00,12581.658
2018-10-24 12:00:00,13804.819
2018-10-24 15:00:00,12971.176
2018-10-24 18:00:00,12727.373
2018-10-24 21:00:00,14178.876
2018-10-25 00:00:00,14173.606
2018-10-25 03:00:00,10365.213
2018-10-25 06:00:00,6763.483
2018-10-25 09:00:00,12757.28
2018-10-25 12:00:00,15410.812
2018-10-25 15:00:00,13639.637
2018-10-25 18:00:00,12754.748
2018-10-25 21:00:00,14611.308
2018-10-26 00:00:00,14395.827
2018-10-26 03:00:00,9956.737
2018-10-26 06:00:00,6370.6113
2018-10-26 09:00:00,14248.196
2018-10-26 12:00:00,15627.772
2018-10-26 15:00:00,13241.095
2018-10-26 18:00:00,14098.653
2018-10-26 21:00:00,14116.152
2018-10-27 00:00:00,14323.252
2018-10-27 03:00:00,5663.007
2018-10-27 06:00:00,7679.28
2018-10-27 09:00:00,8721.832
2018-10-27 12:00:00,8968.323
2018-10-27 15:00:00,11594.428
2018-10-27 18:00:00,10196.641
2018-10-27 21:00:00,9509.317
2018-10-28 00:00:00,12503.516
2018-10-28 03:00:00,7582.1772
2018-10-28 06:00:00,5230.825
2018-10-28 09:00:00,5687.818
2018-10-28 12:00:00,8888.073
2018-10-28 15:00:00,7109.0034
2018-10-28 18:00:00,7498.652
2018-10-28 21:00:00,10026.215
2018-10-29 00:00:00,13261.47
2018-10-29 03:00:00,7394.284
2018-10-29 06:00:00,1180.3649
2018-10-29 09:00:00,6835.6694
2018-10-29 12:00:00,9970.643
2018-10-29 15:00:00,9129.355
2018-10-29 18:00:00,11655.027
2018-10-29 21:00:00,11739.994
2018-10-30 00:00:00,13405.258
2018-10-30 03:00:00,6446.93
2018-10-30 06:00:00,3844.2637
2018-10-30 09:00:00,8268.037
2018-10-30 12:00:00,13064.7705
2018-10-30 15:00:00,15929.667
2018-10-30 18:00:00,14885.671
2018-10-30 21:00:00,16120.075
2018-10-31 00:00:00,16324.26
2018-10-31 03:00:00,10827.189
2018-10-31 06:00:00,5326.839
2018-10-31 09:00:00,10979.257
2018-10-31 12:00:00,13168.983
2018-10-31 15:00:00,14051.018
2018-10-31 18:00:00,12562.627
2018-10-31 21:00:00,16407.139
2018-11-01 00:00:00,10899.963
2018-11-01 03:00:00,8411.243
2018-11-01 06:00:00,7673.3525
2018-11-01 09:00:00,11686.532
2018-11-01 12:00:00,13387.376
2018-11-01 15:00:00,12350.025
2018-11-01 18:00:00,12112.84
2018-11-01 21:00:00,12969.308
2018-11-02 00:00:00,12151.379
2018-11-02 03:00:00,8180.869
2018-11-02 06:00:00,6649.6597
2018-11-02 09:00:00,10284.066
2018-11-02 12:00:00,12453.505
2018-11-02 15:00:00,11147.151
2018-11-02 18:00:00,10718.106
2018-11-02 21:00:00,11989.486
2018-11-03 00:00:00,9417.203
2018-11-03 03:00:00,5507.151
2018-11-03 06:00:00,5101.897
2018-11-03 09:00:00,5847.993
2018-11-03 12:00:00,8909.886
2018-11-03 15:00:00,7627.9497
2018-11-03 18:00:00,5985.456
2018-11-03 21:00:00,8182.965
2018-11-04 00:00:00,8190.8623
2018-11-04 03:00:00,6398.816
2018-11-04 06:00:00,6093.4546
2018-11-04 09:00:00,8516.687
2018-11-04 12:00:00,8029.216
2018-11-04 15:00:00,6833.835
2018-11-04 18:00:00,6216.7017
2018-11-04 21:00:00,7523.7046
2018-11-05 00:00:00,6103.91
2018-11-05 03:00:00,5002.622
2018-11-05 06:00:00,5545.7397
2018-11-05 09:00:00,7741.393
2018-11-05 12:00:00,8572.965
2018-11-05 15:00:00,8262.602
2018-11-05 18:00:00,9190.281
2018-11-05 21:00:00,6977.0107
2018-11-06 00:00:00,11689.47
2018-11-06 03:00:00,7818.5967
2018-11-06 06:00:00,5748.0654
2018-11-06 09:00:00,11625.093
2018-11-06 12:00:00,11983.573
2018-11-06 15:00:00,11263.421
2018-11-06 18:00:00,11243.099
2018-11-06 21:00:00,13178.239
2018-11-07 00:00:00,14102.57
2018-11-07 03:00:00,7586.988
2018-11-07 06:00:00,7582.9507
2018-11-07 09:00:00,12680.704
2018-11-07 12:00:00,13759.623
2018-11-07 15:00:00,14065.332
2018-11-07 18:00:00,14225.908
2018-11-07 21:00:00,15524.426
2018-11-08 00:00:00,15833.523
2018-11-08 03:00:00,10369.202
2018-11-08 06:00:00,8194.793
2018-11-08 09:00:00,12612.882
2018-11-08 12:00:00,13179.94
2018-11-08 15:00:00,14445.804
2018-11-08 18:00:00,13570.921
2018-11-08 21:00:00,13984.989
2018-11-09 00:00:00,14109.8125
2018-11-09 03:00:00,8719.062
2018-11-09 06:00:00,8317.449
2018-11-09 09:00:00,12739.619
2018-11-09 12:00:00,13454.402
2018-11-09 15:00:00,13185.545
2018-11-09 18:00:00,11061.93
2018-11-09 21:00:00,12317.188
2018-11-10 00:00:00,13151.479
2018-11-10 03:00:00,9700.097
2018-11-10 06:00:00,9967.947
2018-11-10 09:00:00,10130.368
2018-11-10 12:00:00,13161.186
2018-11-10 15:00:00,12889.717
2018-11-10 18:00:00,12502.031
2018-11-10 21:00:00,13181.157
2018-11-11 00:00:00,14216.557
2018-11-11 03:00:00,10473.548
2018-11-11 06:00:00,9242.265
2018-11-11 09:00:00,10706.614
2018-11-11 12:00:00,14674.825
2018-11-11 15:00:00,13566.383
2018-11-11 18:00:00,13666.25
2018-11-11 21:00:00,14032.173
2018-11-12 00:00:00,16280.817
2018-11-12 03:00:00,9125.478
2018-11-12 06:00:00,9092.029
2018-11-12 09:00:00,15095.724
2018-11-12 12:00:00,16711.033
2018-11-12 15:00:00,16422.223
2018-11-12 18:00:00,17076.48
2018-11-12 21:00:00,17588.857
2018-11-13 00:00:00,16222.134
2018-11-13 03:00:00,9371.32
2018-11-13 06:00:00,7596.2246
2018-11-13 09:00:00,13088.35
2018-11-13 12:00:00,15776.599
2018-11-13 15:00:00,14280.265
2018-11-13 18:00:00,14835.33
2018-11-13 21:00:00,16426.717
2018-11-14 00:00:00,14616.857
2018-11-14 03:00:00,11308.739
2018-11-14 06:00:00,8409.749
2018-11-14 09:00:00,13648.253
2018-11-14 12:00:00,15888.728
2018-11-14 15:00:00,15607.187
2018-11-14 18:00:00,15443.074
2018-11-14 21:00:00,15680.44
2018-11-15 00:00:00,15448.186
2018-11-15 03:00:00,9985.237
2018-11-15 06:00:00,6981.6753
2018-11-15 09:00:00,13960.839
2018-11-15 12:00:00,15460.971
2018-11-15 15:00:00,15437.814
2018-11-15 18:00:00,16447.736
2018-11-15 21:00:00,17716.285
2018-11-16 00:00:00,16179.123
2018-11-16 03:00:00,9954.201
2018-11-16 06:00:00,8352.796
2018-11-16 09:00:00,13953.039
2018-11-16 12:00:00,15396.113
2018-11-16 15:00:00,16180.66
2018-11-16 18:00:00,15319.706
2018-11-16 21:00:00,17050.77
2018-11-17 00:00:00,14467.147
2018-11-17 03:00:00,9146.277
2018-11-17 06:00:00,7804.7637
2018-11-17 09:00:00,8576.856
2018-11-17 12:00:00,10713.106
2018-11-17 15:00:00,11514.197
2018-11-17 18:00:00,11518.826
2018-11-17 21:00:00,13130.523
2018-11-18 00:00:00,12268.43
2018-11-18 03:00:00,9215.681
2018-11-18 06:00:00,5863.869
2018-11-18 09:00:00,4634.294
2018-11-18 12:00:00,8253.649
2018-11-18 15:00:00,9018.524
2018-11-18 18:00:00,7780.089
2018-11-18 21:00:00,8271.165
2018-11-19 00:00:00,10880.712
2018-11-19 03:00:00,6382.2026
2018-11-19 06:00:00,5253.6514
2018-11-19 09:00:00,11934.315
2018-11-19 12:00:00,16357.863
2018-11-19 15:00:00,14716.8545
2018-11-19 18:00:00,15304.359
2018-11-19 21:00:00,17551.453
2018-11-20 00:00:00,16260.5625
2018-11-20 03:00:00,9760.619
2018-11-20 06:00:00,5602.2017
2018-11-20 09:00:00,12378.735
2018-11-20 12:00:00,16960.855
2018-11-20 15:00:00,14242.978
2018-11-20 18:00:00,13597.8955
2018-11-20 21:00:00,14976.105
2018-11-21 00:00:00,13824.718
2018-11-21 03:00:00,5928.2754
2018-11-21 06:00:00,6325.723
2018-11-21 09:00:00,12632.083
2018-11-21 12:00:00,13893.594
2018-11-21 15:00:00,14905.257
2018-11-21 18:00:00,16081.593
2018-11-21 21:00:00,17250.736
2018-11-22 00:00:00,16050.434
2018-11-22 03:00:00,8715.031
2018-11-22 06:00:00,6512.647
2018-11-22 09:00:00,13398.536
2018-11-22 12:00:00,16392.73
2018-11-22 15:00:00,16289.353
2018-11-22 18:00:00,16403.043
2018-11-22 21:00:00,17489.63
2018-11-23 00:00:00,14917.049
2018-11-23 03:00:00,8808.768
2018-11-23 06:00:00,4488.5503
2018-11-23 09:00:00,11686.168
2018-11-23 12:00:00,16066.298
2018-11-23 15:00:00,12692.755
2018-11-23 18:00:00,12718.707
2018-11-23 21:00:00,16545.213
2018-11-24 00:00:00,16728.979
2018-11-24 03:00:00,8318.114
2018-11-24 06:00:00,8403.239
2018-11-24 09:00:00,10570.735
2018-11-24 12:00:00,11789.197
2018-11-24 15:00:00,10911.62
2018-11-24 18:00:00,10305.198
2018-11-24 21:00:00,12514.675
2018-11-25 00:00:00,12411.171
2018-11-25 03:00:00,4692.9243
2018-11-25 06:00:00,1748.2998
2018-11-25 09:00:00,5607.1655
2018-11-25 12:00:00,8129.2974
2018-11-25 15:00:00,5746.649
2018-11-25 18:00:00,8842.633
2018-11-25 21:00:00,9366.078
2018-11-26 00:00:00,12369.421
2018-11-26 03:00:00,1603.965
2018-11-26 06:00:00,4511.563
2018-11-26 09:00:00,11588.07
2018-11-26 12:00:00,11897.342
2018-11-26 15:00:00,12578.189
2018-11-26 18:00:00,15129.097
2018-11-26 21:00:00,16739.508
2018-11-27 00:00:00,15303.819
2018-11-27 03:00:00,9180.484
2018-11-27 06:00:00,7266.5854
2018-11-27 09:00:00,14839.663
2018-11-27 12:00:00,14325.06
2018-11-27 15:00:00,14134.75
2018-11-27 18:00:00,15947.682
2018-11-27 21:00:00,15466.991
2018-11-28 00:00:00,14469.621
2018-11-28 03:00:00,6795.553
2018-11-28 06:00:00,5283.7134
2018-11-28 09:00:00,9266.062
2018-11-28 12:00:00,14650.904
2018-11-28 15:00:00,14938.764
2018-11-28 18:00:00,15126.298
2018-11-28 21:00:00,14810.856
2018-11-29 00:00:00,14270.676
2018-11-29 03:00:00,5958.902
2018-11-29 06:00:00,2584.6606
2018-11-29 09:00:00,7618.266
2018-11-29 12:00:00,14659.85
2018-11-29 15:00:00,12751.658
2018-11-29 18:00:00,15752.039
2018-11-29 21:00:00,14459.364
2018-11-30 00:00:00,15309.977
2018-11-30 03:00:00,6628.8696
2018-11-30 06:00:00,4017.7607
2018-11-30 09:00:00,13199.952
2018-11-30 12:00:00,13876.506
2018-11-30 15:00:00,11571.829
2018-11-30 18:00:00,14039.61
2018-11-30 21:00:00,15346.324
2018-12-01 00:00:00,13662.997
2018-12-01 03:00:00,8435.105
2018-12-01 06:00:00,7341.707
2018-12-01 09:00:00,7754.4834
2018-12-01 12:00:00,10712.129
2018-12-01 15:00:00,10015.994
2018-12-01 18:00:00,10818.568
2018-12-01 21:00:00,11839.031
2018-12-02 00:00:00,10797.127
2018-12-02 03:00:00,6325.39
2018-12-02 06:00:00,4297.0586
2018-12-02 09:00:00,7052.5625
2018-12-02 12:00:00,7985.688
2018-12-02 15:00:00,7318.1772
2018-12-02 18:00:00,8222.682
2018-12-02 21:00:00,8515.509
2018-12-03 00:00:00,9201.829
2018-12-03 03:00:00,6162.6943
2018-12-03 06:00:00,4222.669
2018-12-03 09:00:00,6972.3335
2018-12-03 12:00:00,7312.0513
2018-12-03 15:00:00,7720.222
2018-12-03 18:00:00,5861.234
2018-12-03 21:00:00,7539.0093
2018-12-04 00:00:00,9192.123
2018-12-04 03:00:00,5690.8193
2018-12-04 06:00:00,4749.723
2018-12-04 09:00:00,6717.253
2018-12-04 12:00:00,7586.1484
2018-12-04 15:00:00,6988.2266
2018-12-04 18:00:00,5339.172
2018-12-04 21:00:00,5744.63
2018-12-05 00:00:00,8544.799
2018-12-05 03:00:00,6340.161
2018-12-05 06:00:00,4893.763
2018-12-05 09:00:00,6269.2617
2018-12-05 12:00:00,8729.184
2018-12-05 15:00:00,8823.456
2018-12-05 18:00:00,7782.5024
2018-12-05 21:00:00,7488.9507
2018-12-06 00:00:00,12695.62
2018-12-06 03:00:00,8321.248
2018-12-06 06:00:00,7322.106
2018-12-06 09:00:00,11194.865
2018-12-06 12:00:00,12061.917
2018-12-06 15:00:00,12566.386
2018-12-06 18:00:00,11148.972
2018-12-06 21:00:00,12620.934
2018-12-07 00:00:00,14448.336
2018-12-07 03:00:00,8636.223
2018-12-07 06:00:00,7698.2344
2018-12-07 09:00:00,13144.207
2018-12-07 12:00:00,13465.28
2018-12-07 15:00:00,12733.237
2018-12-07 18:00:00,11192.678
2018-12-07 21:00:00,13709.251
2018-12-08 00:00:00,13878.408
2018-12-08 03:00:00,10273.781
2018-12-08 06:00:00,8595.26
2018-12-08 09:00:00,9586.957
2018-12-08 12:00:00,13004.944
2018-12-08 15:00:00,13318.786
2018-12-08 18:00:00,12341.691
2018-12-08 21:00:00,12516.832
2018-12-09 00:00:00,13660.618
2018-12-09 03:00:00,9725.756
2018-12-09 06:00:00,8169.018
2018-12-09 09:00:00,7433.54
2018-12-09 12:00:00,14051.754
2018-12-09 15:00:00,14220.869
2018-12-09 18:00:00,12636.273
2018-12-09 21:00:00,14903.89
2018-12-10 00:00:00,14099.626
2018-12-10 03:00:00,7672.729
2018-12-10 06:00:00,8419.382
2018-12-10 09:00:00,10835.125
2018-12-10 12:00:00,12887.263
2018-12-10 15:00:00,13171.771
2018-12-10 18:00:00,12248.99
2018-12-10 21:00:00,14335.899
2018-12-11 00:00:00,16005.883
2018-12-11 03:00:00,10643.254
2018-12-11 06:00:00,9316.071
2018-12-11 09:00:00,13789.834
2018-12-11 12:00:00,17403.066
2018-12-11 15:00:00,15420.267
2018-12-11 18:00:00,15137.357
2018-12-11 21:00:00,16024.029
2018-12-12 00:00:00,16308.097
2018-12-12 03:00:00,9256.669
2018-12-12 06:00:00,8687.704
2018-12-12 09:00:00,14032.025
2018-12-12 12:00:00,16930.238
2018-12-12 15:00:00,16474.906
2018-12-12 18:00:00,16766.164
2018-12-12 21:00:00,17519.486
2018-12-13 00:00:00,15043.949
2018-12-13 03:00:00,5143.546
2018-12-13 06:00:00,3494.5513
2018-12-13 09:00:00,9265.69
2018-12-13 12:00:00,12168.949
2018-12-13 15:00:00,12924.209
2018-12-13 18:00:00,11165.153
2018-12-13 21:00:00,15006.956
2018-12-14 00:00:00,13088.499
2018-12-14 03:00:00,5403.75
2018-12-14 06:00:00,1391.476
2018-12-14 09:00:00,9555.383
2018-12-14 12:00:00,12120.711
2018-12-14 15:00:00,12936.695
2018-12-14 18:00:00,15454.341
2018-12-14 21:00:00,17797.56
2018-12-15 00:00:00,15609.329
2018-12-15 03:00:00,8506.062
2018-12-15 06:00:00,6134.969
2018-12-15 09:00:00,8278.711
2018-12-15 12:00:00,13341.732
2018-12-15 15:00:00,11830.68
2018-12-15 18:00:00,11539.463
2018-12-15 21:00:00,11892.192
2018-12-16 00:00:00,13286.013
2018-12-16 03:00:00,7264.9546
2018-12-16 06:00:00,4792.1294
2018-12-16 09:00:00,6608.868
2018-12-16 12:00:00,11136.397
2018-12-16 15:00:00,9038.529
2018-12-16 18:00:00,8222.925
2018-12-16 21:00:00,8370.897
2018-12-17 00:00:00,10730.05
2018-12-17 03:00:00,7579.2236
2018-12-17 06:00:00,6926.6035
2018-12-17 09:00:00,14168.915
2018-12-17 12:00:00,17606.629
2018-12-17 15:00:00,14665.94
2018-12-17 18:00:00,15173.96
2018-12-17 21:00:00,15464.808
2018-12-18 00:00:00,13899.284
2018-12-18 03:00:00,5471.9985
2018-12-18 06:00:00,2862.2295
2018-12-18 09:00:00,10826.979
2018-12-18 12:00:00,16752.545
2018-12-18 15:00:00,15713.665
2018-12-18 18:00:00,16646.16
2018-12-18 21:00:00,18180.582
2018-12-19 00:00:00,16029.459
2018-12-19 03:00:00,10025.562
2018-12-19 06:00:00,4138.956
2018-12-19 09:00:00,9850.122
2018-12-19 12:00:00,13677.727
2018-12-19 15:00:00,13177.234
2018-12-19 18:00:00,16989.812
2018-12-19 21:00:00,18836.27
2018-12-20 00:00:00,16812.496
2018-12-20 03:00:00,9847.831
2018-12-20 06:00:00,5795.5864
2018-12-20 09:00:00,10444.263
2018-12-20 12:00:00,16088.631
2018-12-20 15:00:00,14538.792
2018-12-20 18:00:00,15502.002
2018-12-20 21:00:00,14744.022
2018-12-21 00:00:00,14499.786
2018-12-21 03:00:00,3523.3079
2018-12-21 06:00:00,798.36035
2018-12-21 09:00:00,10707.5
2018-12-21 12:00:00,16208.56
2018-12-21 15:00:00,14340.625
2018-12-21 18:00:00,15864.328
2018-12-21 21:00:00,17011.127
2018-12-22 00:00:00,15650.527
2018-12-22 03:00:00,9501.97
2018-12-22 06:00:00,7696.3975
2018-12-22 09:00:00,8687.274
2018-12-22 12:00:00,13763.532
2018-12-22 15:00:00,11671.578
2018-12-22 18:00:00,14137.419
2018-12-22 21:00:00,12723.315
2018-12-23 00:00:00,12488.853
2018-12-23 03:00:00,5616.8203
2018-12-23 06:00:00,5716.794
2018-12-23 09:00:00,5251.5347
2018-12-23 12:00:00,11227.511
2018-12-23 15:00:00,9608.416
2018-12-23 18:00:00,11067.363
2018-12-23 21:00:00,12466.616
2018-12-24 00:00:00,12968.439
2018-12-24 03:00:00,7330.1997
2018-12-24 06:00:00,6314.8
2018-12-24 09:00:00,12747.622
2018-12-24 12:00:00,15213.683
2018-12-24 15:00:00,15464.78
2018-12-24 18:00:00,15615.1875
2018-12-24 21:00:00,15571.634
2018-12-25 00:00:00,13587.274
2018-12-25 03:00:00,6917.4165
2018-12-25 06:00:00,7488.4165
2018-12-25 09:00:00,10794.62
2018-12-25 12:00:00,15563.6875
2018-12-25 15:00:00,13091.051
2018-12-25 18:00:00,13770.931
2018-12-25 21:00:00,14418.714
2018-12-26 00:00:00,14012.39
2018-12-26 03:00:00,7627.3447
2018-12-26 06:00:00,5744.318
2018-12-26 09:00:00,10406.58
2018-12-26 12:00:00,15654.48
2018-12-26 15:00:00,13562.589
2018-12-26 18:00:00,14499.6045
2018-12-26 21:00:00,14661.537
2018-12-27 00:00:00,13930.473
2018-12-27 03:00:00,7907.9775
2018-12-27 06:00:00,6859.155
2018-12-27 09:00:00,12043.277
2018-12-27 12:00:00,15335.266
2018-12-27 15:00:00,12781.647
2018-12-27 18:00:00,12524.88
2018-12-27 21:00:00,15348.665
2018-12-28 00:00:00,14105.828
2018-12-28 03:00:00,8313.872
2018-12-28 06:00:00,4550.4556
2018-12-28 09:00:00,11169.041
2018-12-28 12:00:00,15645.115
2018-12-28 15:00:00,14231.517
2018-12-28 18:00:00,12623.28
2018-12-28 21:00:00,14120.678
2018-12-29 00:00:00,10114.312
2018-12-29 03:00:00,5359.31
2018-12-29 06:00:00,4554.198
2018-12-29 09:00:00,6538.3555
2018-12-29 12:00:00,10160.006
2018-12-29 15:00:00,8198.126
2018-12-29 18:00:00,9682.427
2018-12-29 21:00:00,10939.538
2018-12-30 00:00:00,8814.858
2018-12-30 03:00:00,7377.61
2018-12-30 06:00:00,5222.5015
2018-12-30 09:00:00,4664.077
2018-12-30 12:00:00,9071.762
2018-12-30 15:00:00,7690.5625
2018-12-30 18:00:00,7117.7305
2018-12-30 21:00:00,9810.396
2018-12-31 00:00:00,10604.005
2018-12-31 03:00:00,7537.099
2018-12-31 06:00:00,3553.9634
2018-12-31 09:00:00,11356.613
2018-12-31 12:00:00,13694.63
2018-12-31 15:00:00,13147.628
2018-12-31 18:00:00,13021.367
2018-12-31 21:00:00,13057.941
